管轄	最終更新日	企業・事業場名称	所在地	公表日	違反法条	事案概要	その他参考事項	
北海道労働局	平成29年12月31日	（株）日洋フレッシュ　釧路工場	北海道釧路市	H29.1.16	労働安全衛生法第20条,労働安全衛生規則第130条の９	食品加工用圧縮機に覆い、囲い等を設けることなく労働者に作業を行わせたもの	H29.1.16送検	
北海道労働局	平成29年12月31日	（株）アイスライン	北海道札幌市白石区	H29.2.1	最低賃金法第４条	労働者６名に、２か月間の定期賃金合計約280万円を支払わなかったもの	H29.2.1送検	
北海道労働局	平成29年12月31日	長栄堂	北海道美唄市	H29.3.3	最低賃金法第４条	労働者５名に、５か月間の定期賃金合計約250万円を支払わなかったもの	H29.3.3送検	
北海道労働局	平成29年12月31日	（株）松村興業	北海道旭川市	H29.3.7	労働安全衛生法第61条,労働安全衛生法施行令第20条	トラクター・ショベルの運転を無資格の労働者に行わせたもの	H29.3.7送検	
北海道労働局	平成29年12月31日	道南生コン（株）　仁木工場	北海道余市郡仁木町	H29.3.10	労働安全衛生法第20条,労働安全衛生規則第107条	材料送給機械の運転を停止することなく労働者に作業を行わせたもの	H29.3.10送検	
北海道労働局	平成29年12月31日	（株）ＭＭＫホンダ	北海道河西郡芽室町	H29.3.14	労働安全衛生法第21条,労働安全衛生規則第519条	高さ2.6ｍの屋根上で、安全帯を使用させることなく労働者に板金作業を行わせたもの	H29.3.14送検	
北海道労働局	平成29年12月31日	（株）トラスパーリンク	北海道札幌市清田区	H29.3.16	労働安全衛生法第20条,労働安全衛生規則第349条	架空電線に近接する場所で感電防止措置を講じることなく労働者に作業を行わせたもの	H29.3.16送検	
北海道労働局	平成29年12月31日	五友プラント工業（株）	福岡県飯塚市	H29.3.17	労働安全衛生法第20条,ゴンドラ安全規則第22条	ゴンドラを使用するに当たり作業開始前の点検を労働者に行わせなかったもの	H29.3.17送検	
北海道労働局	平成29年12月31日	大建土木（株）	北海道旭川市	H29.3.23	労働安全衛生法第100条,労働安全衛生規則第97条	労働災害の発生状況を偽った労働者死傷病報告を提出したもの	H29.3.23送検	
北海道労働局	平成29年12月31日	（有）市木	北海道旭川市	H29.3.23	労働安全衛生法第61条,労働安全衛生法施行令第20条,ボイラー及び圧力容器安全規則第23条	ボイラーの取扱いの作業を無資格の労働者に行わせたもの	H29.3.23送検	
北海道労働局	平成29年12月31日	三雄建設（株）	北海道樺戸郡浦臼町	H29.4.24	労働安全衛生法第100条,労働安全衛生規則第97条	労働災害の発生状況を偽った労働者死傷病報告を提出したもの	H29.4.24送検	
北海道労働局	平成29年12月31日	（株）清水組	北海道上川郡美瑛町	H29.5.17	労働安全衛生法第22条,労働安全衛生規則第577条	換気装置を設けることなく練炭を燃焼させた構造物内に労働者を立ち入らせて作業を行わせたもの	H29.5.17送検	
北海道労働局	平成29年12月31日	（株）自動車検査場	北海道旭川市	H29.6.15	労働安全衛生法第61条,労働安全衛生法施行令第20条	トラクター・ショベルの運転を無資格の労働者に行わせたもの	H29.6.15送検	
北海道労働局	平成29年12月31日	函館山ロープウェイ（株）	北海道函館市	H29.6.21	労働安全衛生法第20条,労働安全衛生規則第107条	ロープウェイの滑車の清掃作業を行わせるに当たり、作業者以外の者がロープウェイを運転しないよう起動装置を施錠する等の措置を講じなかったもの	H29.6.21送検	
北海道労働局	平成29年12月31日	遠別初山別森林組合	北海道天塩郡遠別町	H29.6.21	労働安全衛生法第21条,労働安全衛生規則第477条	伐倒の際にかかり木を取り除くことなく労働者に伐木作業を行わせたもの	H29.6.21送検	
北海道労働局	平成29年12月31日	（株）檜山鐵工所	北海道旭川市	H29.6.23	労働安全衛生法第20条,労働安全衛生規則第250条	溶融している鉄を取り扱う工場建屋について水蒸気爆発を防止する構造としなかったもの	H29.6.23送検	
北海道労働局	平成29年12月31日	（株）トラクション	北海道札幌市厚別区	H29.7.4	労働安全衛生法第20条,労働安全衛生規則第564条,労働者派遣法第45条	足場の組立ての範囲等を周知することなく労働者に足場の組立て作業を行わせたもの	H29.7.4送検	
北海道労働局	平成29年12月31日	野田工業（株）	北海道札幌市中央区	H29.9.13	労働安全衛生法第21条,労働安全衛生規則第518条	高さ5.2ｍの橋桁の上で、作業床を設けることなく労働者に補修作業を行わせたもの	H29.9.13送検	
北海道労働局	平成29年12月31日	（株）丸ヨ吉住商店	北海道雨竜郡沼田町	H29.9.25	労働安全衛生法第21条,労働安全衛生規則第519条	高さ6.6ｍの屋根上で、安全帯を使用させることなく労働者にせっぴを落とす作業を行わせたもの	H29.9.25送検	
北海道労働局	平成29年12月31日	（有）鋼材運輸	北海道札幌市北区	H29.10.10	労働安全衛生法第21条,労働安全衛生規則第151条の70	重量100㎏以上の荷を貨物自動車に積み込む作業において、作業指揮者を定めていなかったもの	H29.10.10送検	
北海道労働局	平成29年12月31日	（有）伯昭商事	北海道北斗市	H29.10.19	労働安全衛生法第20条,労働安全衛生規則第151条の７	フォークリフトに接触するおそれがある箇所に労働者を立ち入らせたもの	H29.10.19送検	
北海道労働局	平成29年12月31日	（株）杉本運輸	北海道小樽市	H29.10.24	労働安全衛生法第20条,クレーン等安全規則第75条の２	作業を指揮する者を選任することなく労働者に移動式クレーンのジブの解体作業を行わせたもの	H29.10.24送検	
北海道労働局	平成29年12月31日	（有）ニックス	北海道札幌市白石区	H29.11.6	労働安全衛生法第30条,労働安全衛生規則第636条	元請と下請の労働者の作業が同一の場所で行われる際に、労働災害防止のための連絡調整を行わなかったもの	H29.11.6送検	
北海道労働局	平成29年12月31日	ホームテック（株）	北海道札幌市東区	H29.11.6	労働安全衛生法第22条,労働安全衛生規則第577条	換気装置を設けることなく練炭を燃焼させた構造物内に労働者を立ち入らせて作業を行わせたもの	H29.11.6送検	
北海道労働局	平成29年12月31日	（株）サンパワー	北海道札幌市東区	H29.11.20	最低賃金法第４条	労働者１名に、５か月間の定期賃金合計約81万円を支払わなかったもの	H29.11.20送検	
北海道労働局	平成29年12月31日	（株）ふとんクリーニング今井	北海道札幌市北区	H29.11.21	最低賃金法第４条	労働者10名に、１か月間の定期賃金合計約98万円を支払わなかったもの	H29.11.21送検	
北海道労働局	平成29年12月31日	（特非）北海道就労サポート協会Ｆｒｅｅ Ｇａｒｄｅｎ	北海道札幌市北区	H29.11.22	最低賃金法第４条	労働者15名に、１か月間の定期賃金合計約83万円を支払わなかったもの	H29.11.22送検	
北海道労働局	平成29年12月31日	（株）フジネット	北海道札幌市中央区	H29.12.4	労働安全衛生法第20条,労働安全衛生規則第151条の74,労働者派遣法第45条	最大積載量が11.9トンの貨物自動車に荷を積み込む作業において、労働者に保護帽を着用させなかったもの	H29.12.4送検	
北海道労働局	平成29年12月31日	（株）オカザキ	北海道伊達市	H29.12.12	労働安全衛生法第100条,労働安全衛生規則第97条	４日以上の休業を要する労働災害が発生したのに、遅滞なく労働者死傷病報告を提出しなかったもの	H29.12.12送検	
北海道労働局	平成29年12月31日	（有）熊谷造材	北海道檜山郡厚沢部町	H29.12.20	労働安全衛生法第21条,労働安全衛生規則第477条	伐倒の際に退避する場所をあらかじめ選定することなく労働者に伐木作業を行わせたもの	H29.12.20送検	
北海道労働局	平成29年12月31日	（株）西原環境	東京都港区	H29.12.21	労働安全衛生法第31条,労働安全衛生規則第653条	高さ13.8ｍの開口部に手すり等を設けることなく労働者に作業を行わせたもの	H29.12.21送検	
北海道労働局	平成29年12月31日	（株）レイズクリエート	北海道札幌市豊平区	H29.12.21	労働安全衛生法第21条,労働安全衛生規則第519条	高さ13.8ｍの開口部に手すり等を設けることなく労働者に作業を行わせたもの	H29.12.21送検	
青森労働局	平成29年12月31日	（株）高松工業	青森県五所川原市	H29.1.27	労働安全衛生法第31条,労働安全衛生規則第653条	高さ約３ｍの作業床の端に手すり等を設けることなく、下請負人の労働者に作業を行わせたもの	H29.1.27送検	
青森労働局	平成29年12月31日	星和工業（株）　青森営業所	青森県下北郡東通村	H29.2.27	労働安全衛生法第31条,労働安全衛生規則第653条	高さ約23ｍの作業床の端に手すり等を設けることなく、下請負人の労働者に作業を行わせたもの	H29.2.27送検	
青森労働局	平成29年12月31日	（有）村田組	青森県むつ市	H29.2.27	労働安全衛生法第21条,労働安全衛生規則第519条,労働者派遣法第45条	高さ約23ｍの作業床の端に手すり等を設けることなく、労働者に作業を行わせたもの	H29.2.27送検	
青森労働局	平成29年12月31日	（株）ファミリー住宅	青森県八戸市	H29.3.3	最低賃金法第４条	労働者２名に、１か月分の定期賃金合計約71万円を支払わなかったもの	H29.3.3送検	
青森労働局	平成29年12月31日	（株）高橋商事　弘前営業所	青森県弘前市	H29.3.7	労働安全衛生法第61条,労働安全衛生法施行令第20条	ドラム缶のガス溶断作業を行わせるに当たり、法令で定める資格を有しない労働者に作業を行わせたもの	H29.3.7送検	
青森労働局	平成29年12月31日	（有）幸福の寿し本舗	青森県青森市	H29.5.11	労働基準法第32条	労働者11名に、36協定の延長時間を超える違法な時間外労働を行わせたもの	H29.5.11送検	
青森労働局	平成29年12月31日	（有）福士建設	青森県北津軽郡中泊町	H29.6.9	労働安全衛生法第100条,労働安全衛生規則第97条	労働災害の発生状況を偽った労働者死傷病報告を提出したもの	H29.6.9送検	
青森労働局	平成29年12月31日	（株）ユニバース　三沢堀口店	青森県三沢市	H29.10.23	労働安全衛生法第23条,労働安全衛生規則第540条	店舗通用口から従業員駐車場へ通じる場所に、労働者が安全に通行するための通路を設けていなかったもの	H29.10.23送検	
青森労働局	平成29年12月31日	皐月電子工業	青森県十和田市	H29.11.2	労働基準法第24条,最低賃金法第４条	労働者３名に、５か月分の定期賃金合計約77万円を支払わなかったもの	H29.11.2送検	
青森労働局	平成29年12月31日	盛岡ベース（株）	岩手県盛岡市	H29.11.2	労働安全衛生法第31条,労働安全衛生規則第653条	高さ約３ｍの作業床の端に手すり等を設けることなく、下請負人の労働者に作業を行わせたもの	H29.11.2送検	
青森労働局	平成29年12月31日	都南建装	岩手県盛岡市	H29.11.2	労働安全衛生法第21条,労働安全衛生規則第519条	高さ約３ｍの作業床の端に手すり等を設けることなく、労働者に作業を行わせたもの	H29.11.2送検	
岩手労働局	平成29年12月31日	（株）木村架設工業	岩手県釜石市	H29.5.18	労働安全衛生法第20条,労働安全衛生規則第158条,労働者派遣法第45条	車両系建設機械との接触防止措置（立入禁止措置、誘導員の配置）を講じていなかったもの	H29.5.18送検	H29.9.22有罪確定
岩手労働局	平成29年12月31日	大野造園	岩手県花巻市東和町	H29.5.18	労働安全衛生法第21条,労働安全衛生規則第518条	高さ２ｍ以上で作業床を設けることが困難な作業において、墜落による危険防止措置を講じていなかったもの	H29.5.18送検	H29.6.29不起訴（起訴猶予）
岩手労働局	平成29年12月31日	（有）ローカルサービス	岩手県盛岡市	H29.6.13	労働安全衛生法第20条,労働安全衛生規則第151条の14	車両系荷役運搬機械（フォークリフト）を主たる用途以外の用途に使用したもの	H29.6.13送検	
岩手労働局	平成29年12月31日	横山工業（株）	岐阜県可児市	H29.9.8	労働安全衛生法第100条,労働安全衛生規則第97条	72日間の休業を要する労働災害が発生したのに、遅滞なく労働者死傷病報告を提出しなかったもの	H29.9.8送検	
岩手労働局	平成29年12月31日	（有）盛南輸送	岩手県紫波郡矢巾町	H29.10.17	労働安全衛生法第21条,労働安全衛生規則第151条の70	重量100㎏以上の荷を貨物自動車に積み込む作業において作業指揮者を定めていなかったもの	H29.10.17送検	
宮城労働局	平成29年12月31日	（有）武山住宅	宮城県石巻市	H29.3.13	労働安全衛生法第21条,労働安全衛生規則第519条	木造住宅建築工事現場において、墜落防止措置を講じないまま労働者に２階の床板敷設作業を行わせたもの	H29.3.13送検	
宮城労働局	平成29年12月31日	東北ニチモウ（株）	宮城県塩釜市	H29.8.1	労働安全衛生法第21条,労働安全衛生規則第519条	工場２階床に設置された蓋を取り外す作業を行わせるに際し、労働者に安全帯を使用させなかったもの	H29.8.1送検	
宮城労働局	平成29年12月31日	（有）永根実業建設	宮城県大崎市	H29.10.20	労働安全衛生法第22条,石綿障害予防規則第３条	石綿の有無を事前調査することなく、建築物の解体作業を行わせたもの	H29.10.20送検	
宮城労働局	平成29年12月31日	フジフーズ（株）　仙台工場	宮城県名取市	H29.12.14	労働安全衛生法第59条,労働安全衛生規則第35条	労働者を雇入れたときに、その従事する業務に関する安全のため必要な事項について、教育を行わなかったもの	H29.12.14送検	
秋田労働局	平成29年12月31日	晴沢板金工業	秋田県鹿角市	H29.2.13	労働安全衛生法第21条,労働安全衛生規則第519条	高さ約６ｍの２階屋根軒先に手すり等を設けることなく労働者にトタンの葺き替え作業を行わせたもの	H29.2.13送検	
秋田労働局	平成29年12月31日	あきた湖東農業協同組合	秋田県南秋田郡五城目町	H29.3.13	労働基準法第32条	労働者３名に、36協定の延長時間を超える違法な時間外・休日労働を行わせたもの	H29.3.13送検	H29.8.22不起訴（起訴猶予）
秋田労働局	平成29年12月31日	（株）スズキ部品秋田	秋田県南秋田郡井川町	H29.3.14	労働安全衛生法第20条,クレーン等安全規則第25条	クレーンの運転についての合図を定めることなくクレーンを用いての荷下ろし作業を行わせたもの	H29.3.14送検	H29.7.13不起訴（起訴猶予）
秋田労働局	平成29年12月31日	（有）エスエス興産	秋田県秋田市	H29.7.20	労働安全衛生法第22条,石綿障害予防規則第３条	石綿の有無を事前調査することなく建物の解体作業を行わせたもの	H29.7.20送検	H29.12.13不起訴（起訴猶予）
山形労働局	平成29年12月31日	設楽建設興業（株）	山形県西村山郡西川町	H29.1.24	労働安全衛生法第20条,労働安全衛生規則第563条	高さ２ｍ以上の足場において労働者に作業を行わせるに際し、手すり等を設けていなかったもの	H29.1.24送検	
山形労働局	平成29年12月31日	（株）東北緑地造苑	山形県東置賜郡川西町	H29.6.22	労働安全衛生法第20条,労働安全衛生規則第164条	掘削用のドラグ・ショベルを主たる用途以外の用途（荷のつり上げ作業）に使用したもの	H29.6.22送検	
山形労働局	平成29年12月31日	三洋建設	山形県酒田市	H29.11.17	労働安全衛生法第21条,労働安全衛生規則第519条	高さ3.2ｍの床に開口部を作る作業に際し、安全帯を使用させる等の措置を講じなかったもの	H29.11.17送検	
福島労働局	平成29年12月31日	（株）三本木製作所	福島県郡山市	H29.1.13	労働安全衛生法第20条,労働安全衛生規則第131条	プレス機械の安全装置を無効化したまま作業を行わせ、労働者１名が右手指を切断する災害を発生させたもの	H29.1.13送検	
福島労働局	平成29年12月31日	（有）玄蕃商店	福島県いわき市	H29.1.17	労働安全衛生法第20条,労働安全衛生規則第151条の７	フォークリフトへの接触を防ぐ措置を講じなかった結果、労働者１人が轢かれて死亡する災害を発生させたもの	H29.1.17送検	
福島労働局	平成29年12月31日	石嶋商事	福島県田村市	H29.2.8	労働安全衛生法第20条,労働安全衛生規則第151条の89	作業計画及び安全教育を行わず作業させ、労働者１名が集材車の下敷きとなり死亡する災害を発生させたもの	H29.2.8送検	
福島労働局	平成29年12月31日	（株）メカテック	福島県喜多方市	H29.3.17	労働基準法第32条	労働者７名に、36協定の延長時間を超える違法な時間外・休日労働を行わせたもの	H29.3.17送検	
福島労働局	平成29年12月31日	（有）カネマン	福島県会津若松市	H29.3.30	労働安全衛生法第100条,労働安全衛生規則第97条	労働者が両足を骨折した災害について、災害の発生場所や態様について虚偽の報告を行ったもの	H29.3.30送検	
福島労働局	平成29年12月31日	（株）郡山第一園芸	福島県郡山市	H29.6.20	労働基準法第32条	労働者１名に、36協定の延長時間を超える違法な時間外労働を行わせたもの	H29.6.20送検	
福島労働局	平成29年12月31日	山一総業（株）	福島県いわき市	H29.8.1	労働安全衛生法第100条,労働安全衛生規則第97条	休業４日以上の労働災害が２件発生したのに、遅滞なく労働者死傷病報告を提出しなかったもの	H29.8.1送検	
福島労働局	平成29年12月31日	（有）雲藤工建	福島県いわき市	H29.9.12	労働安全衛生法第100条,労働安全衛生規則第97条	休業４日以上の労働災害が発生したのに、遅滞なく労働者死傷病報告書を提出しなかったもの	H29.9.12送検	
福島労働局	平成29年12月31日	（有）南会建設	福島県会津若松市	H29.10.2	労働安全衛生法第21条,労働安全衛生規則第519条	高さ2.8ｍの屋根上に手すり等を設けることなく、労働者に作業を行わせたもの	H29.10.2送検	
福島労働局	平成29年12月31日	（株）原町中央青果市場	福島県南相馬市	H29.10.18	労働安全衛生法第21条,労働安全衛生規則第524条	高さ６ｍのスレート屋根上に、踏み抜きによる墜落防止措置を講じることなく、労働者に作業を行わせたもの	H29.10.18送検	
福島労働局	平成29年12月31日	（株）ファーストライニングジャパン	福島県郡山市	H29.11.17	労働安全衛生法第120条	実際には発生していないにも関わらず、労働災害が発生したとする虚偽の労働者死傷病報告を提出したもの	H29.11.17送検	
福島労働局	平成29年12月31日	（株）エコファームジャパン	福島県郡山市	H29.11.17	最低賃金法第４条	労働者７名に、１か月間の定期賃金合計約74万円を支払わなかったもの	H29.11.17送検	
茨城労働局	平成29年12月31日	黎明環境美化	茨城県土浦市	H29.9.20	労働安全衛生法第21条,労働安全衛生規則第518条	高さ5.9ｍのはしごの上で、安全帯を使用させることなく労働者に作業を行わせたもの	H29.9.20送検	
栃木労働局	平成29年12月31日	（株）双葉	栃木県鹿沼市	H29.1.20	労働安全衛生法第20条,労働安全衛生規則第107条	給油作業を行わせるに当たり、ベルトコンベヤーの運転を停止しなかったもの	H29.1.20送検	
栃木労働局	平成29年12月31日	（株）ニューナス	栃木県那須塩原市	H29.2.23	労働安全衛生法第61条,労働安全衛生法施行令第20条,労働安全衛生規則第41条	無資格の労働者にトラクターショベルを運転させたもの	H29.2.23送検	
栃木労働局	平成29年12月31日	（株）ニッコークリエート	栃木県栃木市	H29.3.15	労働安全衛生法第20条,労働安全衛生規則第28条	産業用ロボットの安全装置が有効に保持されていなかったもの	H29.3.15送検	
栃木労働局	平成29年12月31日	（有）佐野製作所	栃木県小山市	H29.11.7	労働安全衛生法第61条,労働安全衛生法施行令第20条,クレーン等安全規則第22条	無資格の労働者にクレーンを運転させたもの	H29.11.7送検	
栃木労働局	平成29年12月31日	（有）赤平工業	栃木県宇都宮市	H29.12.4	最低賃金法第４条	労働者５名に、５か月間から７か月間の定期賃金合計約440万円を支払わなかったもの	H29.12.4送検	
栃木労働局	平成29年12月31日	（株）満天フード	栃木県宇都宮市	H29.12.11	労働基準法第32条	労働者１名に、36協定の締結・届出を行うことなく、違法な時間外労働を行わせたもの	H29.12.11送検	
群馬労働局	平成29年12月31日	（有）新治電気	群馬県利根郡みなかみ町	H29.2.16	労働安全衛生法第61条,労働安全衛生法施行令第20条	法令で定める資格を有しない労働者を機体の重量が３トンを超えるドラグ・ショベルの運転の業務に就かせたもの	H29.2.16送検	
埼玉労働局	平成29年12月31日	精機工業（株）	埼玉県さいたま市桜区	H29.3.2	最低賃金法第４条	労働者10名に、２か月間の定期賃金合計約200万円を支払わなかったもの	H29.3.2送検	
埼玉労働局	平成29年12月31日	（株）メリット	埼玉県川越市	H29.3.2	労働基準法第32条	外国人技能実習生を含む労働者７名に、違法な時間外労働を行わせたもの	H29.3.2送検	
埼玉労働局	平成29年12月31日	旭段ボール（株）	埼玉県さいたま市岩槻区	H29.4.25	労働安全衛生法第20条,労働安全衛生規則第107条	機械の調整作業を労働者に行わせるに際し、当該機械の停止をさせなかったもの	H29.4.25送検	
埼玉労働局	平成29年12月31日	（株）ＣＭＳ	埼玉県春日部市	H29.4.28	最低賃金法第４条	労働者に、２か月間の定期賃金を支払わなかったもの	H29.4.24送検	
埼玉労働局	平成29年12月31日	矢吹炉研（株）	東京都荒川区	H29.7.12	労働安全衛生法第21条,労働安全衛生規則第532条の２	ホッパー内で労働者に作業を行わせるに際し、埋没危険防止措置を講じなかったもの	H29.7.12送検	
埼玉労働局	平成29年12月31日	大橋工業（株）	埼玉県児玉郡上里町	H29.7.24	労働安全衛生法第61条,労働安全衛生法施行令第20条	無資格の労働者にフォークリフトを運転させたもの	H29.7.24送検	
埼玉労働局	平成29年12月31日	（株）山栄運輸　戸田営業所	埼玉県戸田市	H29.9.1	労働安全衛生法第20条,労働安全衛生規則第151条の14	労働者にフォークリフトを主たる用途以外の用途に使用をさせたもの	H29.9.1送検	
埼玉労働局	平成29年12月31日	（有）ラビット	埼玉県入間市	H29.10.2	労働基準法第32条	外国人技能実習生である労働者５名に、違法な時間外労働を行わせたもの	H29.10.2送検	
埼玉労働局	平成29年12月31日	松栄建設（株）	埼玉県三郷市	H29.12.8	労働安全衛生法第20条,クレーン等安全規則第70条の５	移動式クレーンで作業を行うに際し、転倒防止措置を講じなかったもの	Ｈ29.12.8送検	
千葉労働局	平成29年11月30日	鈴木板金工業（株）	東京都墨田区	H29.1.13	労働安全衛生法第21条,労働安全衛生規則第524条	スレート屋根修理作業において、歩み板を設ける等踏み抜きによる労働者の危険を防止していなかったもの	H29.1.13送検	
千葉労働局	平成29年11月30日	（有）レックス	千葉県白井市	H29.3.3	労働安全衛生法第100条,労働安全衛生規則第97条	労働災害により４日以上休業したにもかかわらず、労働者死傷病報告書を提出していなかったもの	H29.3.3送検	
千葉労働局	平成29年11月30日	（有）高井商事	東京都江戸川区	H29.3.3	労働安全衛生法第100条,労働安全衛生規則第97条	労働災害により４日以上休業したにもかかわらず、労働者死傷病報告書を提出していなかったもの	H29.3.3送検	
千葉労働局	平成29年11月30日	（株）兼子　船橋営業所	千葉県船橋市	H29.3.13	労働安全衛生法第20条,労働安全衛生規則第107条	古紙の圧縮梱包機の掃除を行わせるに当たり、当該機械の運転を停止させなかったもの	H29.3.13送検	
千葉労働局	平成29年11月30日	（株）米本造園土木	千葉県八千代市	H29.5.8	労働安全衛生法第100条,労働安全衛生規則第97条	労働災害により４日以上休業したが、事実と異なる内容の労働者死傷病報告書を提出したもの	H29.5.8送検	
千葉労働局	平成29年11月30日	関東西部運輸（株）　本社	千葉県野田市	H29.5.10	労働基準法第32条	労働者４名に、36協定の延長時間を超えて違法な時間外・休日労働を行わせていたもの	H29.5.10送検	
千葉労働局	平成29年11月30日	Ａ・Ｇ’Ｓ‐ＢＵＩＬＤ（株）	東京都葛飾区	H29.9.7	労働安全衛生法第21条,労働安全衛生規則第519条	高さ3.06ｍの玄関上ひさしの端に手すり等を設けることなく労働者に作業を行わせたもの	H29.9.7送検	
千葉労働局	平成29年11月30日	（株）ワールドラップ	千葉県船橋市	H29.9.7	労働安全衛生法第20条,労働安全衛生規則第151条の7	フォークリフトを使用して荷卸し作業を行わせるに当たり、走行進路内に労働者を立ち入らせたもの	H29.9.7送検	
千葉労働局	平成29年11月30日	（株）ケイエムメンテック	千葉県木更津市	H29.10.19	労働安全衛生法第100条,労働安全衛生規則第97条	４日以上の休業を要する労働災害が発生したのに虚偽の労働者死傷病報告書を提出したもの	H29.10.19送検	
千葉労働局	平成29年11月30日	関東西部運輸（株）　本社	千葉県野田市	H29.11.15	労働基準法第32条	労働者４名に、36協定の延長時間を超えて違法な時間外・休日労働を行わせていたもの	H29.11.15送検	
東京労働局	平成29年12月31日	（株）伸光舎	東京都八王子市	H29.1.25	最低賃金法第４条	知的障害のある労働者３名に、東京都最低賃金を下回る賃金しか支払わなかったもの	H29.1.25送検	
東京労働局	平成29年12月31日	（株）丸建興業	東京都杉並区	H29.2.15	労働安全衛生法第20条,クレーン等安全規則第74条の２	移動式クレーンで作業を行うに当たり、ワイヤロープで１箇所に玉掛けした荷の下に労働者を立ち入らせたもの	H29.2.15送検	
東京労働局	平成29年12月31日	ヤマトオートワークス（株）　西東京工場	東京都昭島市	H29.2.21	労働安全衛生法第20条,労働安全衛生規則第151条の７	貨物自動車に接触するおそれがある箇所に労働者を立ち入らせたもの	H29.2.21送検	
東京労働局	平成29年12月31日	ＳＴＡＲ　ＲＯＣＫＣＯＭＰＡＮＹ（株）	東京都町田市	H29.3.13	労働基準法第40条	労働者２名に、36協定を締結しないまま違法な時間外労働を行わせたもの	H29.3.13送検	
東京労働局	平成29年12月31日	（有）スカイ物流	東京都東村山市	H29.3.29	労働基準法第32条	労働者７名に、36協定の延長時間を超える違法な時間外労働を行わせたもの	H29.3.29送検	
東京労働局	平成29年12月31日	三研工業（株）	神奈川県藤沢市	H29.5.19	労働安全衛生法第100条,労働安全衛生規則第97条	休業見込み40日の労働災害が発生したのに、遅滞なく労働者死傷病報告書を提出しなかったもの	H29.5.19送検	
東京労働局	平成29年12月31日	（有）北葉塗装	千葉県市原市	H29.6.2	労働安全衛生法第20条,労働安全衛生規則第279条	爆発が生ずるおそれのあるタンク内部で、点火源となるおそれのある送風機を使用させたもの	H29.6.2送検	
東京労働局	平成29年12月31日	（株）エイチ・アイ・エス	東京都新宿区	H29.6.14	労働基準法第32条	東京都内の２事業場において、労働者２名に、36協定の延長時間を超える違法な時間外労働を行わせたもの	H29.6.14送検	
東京労働局	平成29年12月31日	かんの工業（株）	東京都西東京市	H29.6.14	労働安全衛生法第100条,労働安全衛生規則第97条	休業４日以上の労働災害が発生したのに、遅滞なく労働者死傷病報告書を提出しなかったもの	H29.6.14送検	
東京労働局	平成29年12月31日	（有）南街園	東京都東大和市	H29.7.6	労働安全衛生法第20条,労働安全衛生規則第194条の11	高所作業車の転倒を防止するため、地盤を水平かつ堅固に保つための措置を講じなかったもの	H29.7.6送検	
東京労働局	平成29年12月31日	（株）ケイ・セクション	神奈川県相模原市緑区	H29.7.18	労働安全衛生法第100条,労働安全衛生規則第97条	休業４日以上の労働災害が発生したのに、遅滞なく労働者死傷病報告書を提出しなかったもの	H29.7.18送検	
東京労働局	平成29年12月31日	（株）大勝	神奈川県横浜市西区	H29.8.25	労働安全衛生法第20条,労働安全衛生規則第157条	傾斜地のコンクリートガラ上で、誘導者を配置することなく解体用車両系建設機械を用いて作業を行わせたもの	H29.8.24送検	
東京労働局	平成29年12月31日	山縣建設（株）	埼玉県川口市	H29.8.31	労働安全衛生法第31条,労働安全衛生規則第654条	請負人の労働者に、墜落の危険のある箇所に、手すり等を設けていない架設通路を使用させたもの	H29.8.21送検	
東京労働局	平成29年12月31日	リリカラ（株）　東京流通センター	東京都品川区	H29.8.31	労働安全衛生法第21条,労働安全衛生規則第519条	高さ約３ｍのフォークリフトの運転者席で、安全帯を使用させることなく労働者に作業を行わせたもの	H29.8.31送検	
東京労働局	平成29年12月31日	（株）ホーミング	東京都八王子市	H29.9.7	労働安全衛生法第21条,労働安全衛生規則第518条	高さ約６ｍの梁上で、安全帯を使用させることなく労働者に作業を行わせたもの	H29.9.7送検	
東京労働局	平成29年12月31日	ライチ（株）	東京都八王子市	H29.9.22	労働安全衛生法第31条,労働安全衛生規則第655条	請負人の労働者に、架空電路との接触を防止するための措置を講じていない足場を使用させたもの	H29.9.22送検	
東京労働局	平成29年12月31日	（株）日新エンゼル	神奈川県相模原市	H29.9.22	労働安全衛生法第20条,労働安全衛生規則第349条	架空電路に近接した足場上で作業を行わせるに当たり、感電を防止するための措置を講じなかったもの	H29.9.22送検	
東京労働局	平成29年12月31日	（株）ＫＥＣ	東京都大田区	H29.9.27	労働安全衛生法第100条,労働安全衛生規則第97条	休業259日の労働災害が発生したが、関係請負人３名が共謀し遅滞なく労働者死傷病報告書を提出しなかったもの	H29.9.27送検	
東京労働局	平成29年12月31日	（有）エベス工業	神奈川県横須賀市	H29.11.2	労働安全衛生法第100条,労働安全衛生規則第97条	休業１週間以上の労働災害が発生したのに、遅滞なく労働者死傷病報告書を提出しなかったもの	H29.11.2送検	
東京労働局		（株）中川船舶	東京都中央区	H29.11.21	労働安全衛生法第20条,労働安全衛生規則第101条	ウインチの回転する歯車部分に覆い、囲い等を設けることなく労働者に作業を行わせたもの	H29.11.21送検	
東京労働局		（株）シマダ	東京都台東区	H29.11.21	労働基準法第32条	労働者３名に、36協定の延長時間を超える違法な時間外労働を行わせたもの	H29.11.21送検	
東京労働局		（株）三栄商会　東京営業所	東京都江東区	H29.11.28	労働安全衛生法第100条,労働安全衛生規則第97条	休業見込み30日の労働災害が発生したのに、遅滞なく労働者死傷病報告書を提出しなかったもの	H29.11.28送検	
東京労働局		（株）たまふく	神奈川県相模原市	H29.12.7	労働安全衛生法第20条,労働安全衛生規則第158条	車両系建設機械（解体用つかみ機）を用いて作業を行わせるに当たり、接触防止措置を講じなかったもの	H29.12.7送検	
神奈川労働局		三菱電機（株）　情報技術総合研究所	神奈川県鎌倉市	H29.1.11	労働基準法第32条	労働者１名に対して36協定で定めた上限時間を超える時間外労働を行わせたもの	H29.1.11送検	H29.1.27不起訴（嫌疑不十分）
神奈川労働局		（株）シバデン	埼玉県川口市	H29.1.20	労働安全衛生法第20条,クレーン等安全規則第30条	スタッカークレーンの修繕工事において、接触防止措置を講じなかったもの	H29.1.20送検	
神奈川労働局		東洋ライス（株）	和歌山県和歌山市	H29.1.25	労働安全衛生法第20条,労働安全衛生規則第151条の14	フォークリフトについて主たる用途以外の用途で使用をさせたもの	H29.1.25送検	
神奈川労働局		（株）八巻工業	神奈川県川崎市高津区	H29.3.17	労働安全衛生法第100条,労働安全衛生規則第97条	約３か月の休業を要する労働災害が発生したのに、遅滞なく労働者死傷病報告を提出しなかったもの	H29.3.17送検	
神奈川労働局		近藤乳業（株）	神奈川県藤沢市	H29.3.23	労働安全衛生法第20条,労働安全衛生法施行令第13条,労働安全衛生規則第27条	労働者に安全装置を具備していないエレベーターを使用させたもの	H29.3.23送検	
神奈川労働局		ホームテクト（株）	東京都町田市	H29.3.24	労働安全衛生第21条,労働安全衛生規則第519条	建物解体工事において、墜落防止措置をとることなく労働者に作業を行わせたもの	H29.3.24送検	
神奈川労働局		（株）野蕗造園	神奈川県相模原市中央区	H29.6.1	労働安全衛生法第20条,クレーン等安全規則第66条の２	作業場所の広さ、荷の重量等を考慮して移動式クレーンの転倒防止の方法をあらかじめ定めていなかったもの	H29.6.1送検	
神奈川労働局		（株）相模土建	神奈川県相模原市南区	H29.6.1	労働安全衛生法第20条,労働安全衛生規則第101条	ベルトコンベヤーに、危険防止措置として覆い等を設置することなく労働者に整備作業を行わせたもの	H29.6.1送検	
神奈川労働局		（株）清製作所	神奈川県川崎市川崎区	H29.6.8	労働安全衛生法第61条,労働安全衛生法施行令第20条,クレーン等安全規則第221条	法令で定める資格を有しない労働者をつり上げ荷重１トンのクレーンの玉掛け業務に就かせたもの	H29.6.8送検	
神奈川労働局		共和工業(株）	千葉県市川市	H29.9.20	労働安全衛生法第100条,労働安全衛生規則第97条	４日以上の休業災害を発生させたにもかかわらず、労働者死傷病報告を遅滞なく提出しなかったもの	H29.9.20送検	
神奈川労働局		（学）桐蔭学園	神奈川県横浜市青葉区	H29.11.1	労働安全衛生第21条,労働安全衛生規則第519条	高さ２ｍ以上の開口部付近で、墜落防止措置をとることなく労働者に作業を行わせたもの	H29.11.1送検	H29.12.25不起訴
神奈川労働局		（株）共明製作所	神奈川県相模原市南区	H29.11.16	労働基準法第24条	労働者１名に、２か月分の定期賃金の一部約13万円を支払わなかったもの	H29.11.16送検	
神奈川労働局		ＹＴ　ＳＵＰＰＯＲＴ（同）	神奈川県横須賀市	H29.12.6	労働安全衛生法第22条,労働安全衛生規則第578条,労働者派遣法第45条	自然換気が不十分な場所で、内燃機関を有する機械を使用したもの	H29.12.6送検	
新潟労働局		貝瀬材木（株）	新潟県魚沼市	H29.1.20	労働安全衛生法第21条,労働安全衛生規則第519条	手すり等を設けることなく高さ２ｍ以上の屋根上で労働者に作業を行わせたもの	H29.1.20送検	
新潟労働局		船屋運輸（株）	新潟県胎内市	H29.2.1	労働安全衛生法第20条,労働安全衛生規則第151条の74	保護帽を着用させることなく労働者に貨物自動車の荷台に荷積みする作業を行わせたもの	H29.2.1送検	
新潟労働局		（株）ナカショク　ペレット工場	新潟県胎内市	H29.2.2	労働安全衛生法第20条,労働安全衛生規則第151条の78	ベルトコンベヤーに、非常停止措置を備え付けることなく労働者に作業を行わせたもの	H29.2.2送検	
新潟労働局		ゆきぐに森林組合	新潟県上越市	H29.2.6	労働安全衛生法第21条,労働安全衛生規則第477条	伐倒の際に待避する場所をあらかじめ定めることなく労働者に伐木作業を行わせたもの	H29.2.6送検	
新潟労働局		（有）富岳産業	新潟県南魚沼市	H29.4.4	最低賃金法第４条	労働者９名に、23か月間の定期賃金合計約944万円を支払わなかったもの	H29.4.4送検	
新潟労働局		新進開発（株）	新潟県上越市	H29.4.5	労働基準法第24条	労働者５名に、１か月間の定期賃金合計約134万円を支払わなかったもの	H29.4.5送検	
新潟労働局		（有）和	新潟県上越市	H29.5.17	最低賃金法第４条	労働者３名に、約３か月間の定期賃金合計約113万円を支払わなかったもの	H29.5.17送検	
新潟労働局		松前建築	新潟県新潟市西区	H29.6.14	労働安全衛生法第21条,労働安全衛生規則第519条	木造家屋の改築工事において、墜落防止措置を講ずることなく労働者に作業を行わせたもの	H29.6.14送検	
新潟労働局		（株）佐藤建設	新潟県阿賀野市	H29.6.14	労働安全衛生法第100条,労働安全衛生規則第97条	事実と異なる災害発生状況を記載した虚偽の労働者死傷病報告書を提出したほか、４日以上の休業を要する労働災害が発生したのに労働者死傷病報告書を提出しなかったもの	H29.6.14送検	
新潟労働局		（株）メイケン	新潟県十日町市	H29.7.13	労働基準法第32条	労働者５名に、36協定の延長時間を超える違法な時間外労働を行わせたもの	H29.7.13送検	
新潟労働局		オルエ企画（株）	新潟県長岡市	H29.8.7	労働基準法第24条	労働者７名に、１か月間の定期賃金合計約75万円を支払わなかったもの	H29.8.7送検	
新潟労働局		（株）板垣ボーリング	新潟県村上市	H29.8.18	労働安全衛生法第21条,労働安全衛生規則第534条	法面対策工事において、落下のおそれのある土石を取り除くことなく労働者に作業を行わせたもの	H29.8.18送検	
新潟労働局		（株）お菓子の館	新潟県新潟市東区	H29.9.11	最低賃金法第４条	労働者３名に、約６か月間の定期賃金合計約143万円を支払わなかったもの	H29.9.11送検	
新潟労働局		クリアウォーター２１　新潟サポートセンター	新潟県新潟市江南区	H29.10.16	最低賃金法第４条	労働者７名に、約１年７か月間の定期賃金合計約164万円を支払わなかったもの	H29.10.16送検	
新潟労働局		（株）結	新潟県新潟市西蒲区	H29.10.18	最低賃金法第４条	労働者29名に、約９か月間の定期賃金合計約634万円を支払わなかったもの	H29.10.18送検	
新潟労働局		（有）三松亭	新潟県長岡市	H29.12.5	労働基準法第24条	労働者２名に、３か月間の定期賃金合計約174万円を支払わなかったもの	H29.12.5送検	
富山労働局		パナソニック(株)　オートモーティブ＆インダストリアルシステムズ社デバイスソリューション事業部電子制御ソリューションビジネスユニット富山・松江工場	富山県砺波市	H29.3.15	労働基準法第32条	労働者３名に、36協定の延長時間を超える違法な時間外労働を行わせたもの	H29.3.15送検	
富山労働局		住吉工業（株）	富山県富山市	H29.6.6	労働安全衛生法第61条,労働安全衛生法施行令第20条,クレーン等安全規則第22条	床上操作式クレーンの運転の業務に無資格の技能実習生を就かせていたもの	H29.6.6送検	
富山労働局		（株）ユニゾーン	富山県富山市	H29.6.6	労働安全衛生法第20条,労働安全衛生規則第150条の４	労働者が産業用ロボットに接触するおそれがあるにもかかわらず、危険を防止するための措置を講じなかったもの	H29.6.6送検	
富山労働局		（有）大西塗装工業	富山県南砺市	H29.8.24	労働安全衛生法第21条,労働安全衛生規則第519条	高さ約４ｍの作業床の端に手すり等を設けることなく、労働者に作業を行わせたもの	H29.8.24送検	
富山労働局		沢田造園	富山県富山市	H29.11.1	労働安全衛生法第100条,労働安全衛生規則第97条	４日以上の休業を要する労働災害が発生したのに、遅滞なく労働者死傷病報告を提出しなかったもの	H29.11.1送検	
石川労働局	平成29年11月30日	浜野産業（株）	石川県珠洲市	H29.6.19	労働安全衛生法第21条,労働安全衛生規則第519条	高さ2.85ｍの屋根の端に手すり等を設けることなく労働者に作業を行わせたもの	H29.6.19送検	
石川労働局	平成29年11月30日	𠮷川機械産業（株）	石川県金沢市	H29.7.20	労働安全衛生法第20条,労働安全衛生規則第151条の６	不整地運搬車の転落による危険を防止するための措置を講じていなかったもの	H29.7.20送検	
石川労働局	平成29年11月30日	（株）美採	石川県加賀市	H29.10.10	労働安全衛生法第20条,労働安全衛生規則第151条の92	車両系木材伐出機械の転落による危険を防止するための措置を講じていなかったもの	H29.10.10送検	
石川労働局	平成29年11月30日	日ノ丸窯業（株）　能登工場	石川県七尾市	H29.11.1	労働安全衛生法第20条,労働安全衛生規則第101条	ベルトコンベヤーのモータープーリー部分に覆い等を設けていなかったもの	H29.11.1送検	
福井労働局	平成29年11月30日	北陸電気工事（株）	富山県富山市	H29.11.8	労働安全衛生法第20条,労働安全衛生規則第350条	電柱の高圧の充電電路の作業を行う際、感電による危険防止措置を取らなかったもの	H29.11.8送検	
山梨労働局	平成29年12月31日	（有）田中洋装	山梨県南アルプス市	H29.5.10	労働基準法第120条	臨検監督を行った労働基準監督官の尋問に対して、虚偽の陳述を行ったもの	H29.5.10送検	
山梨労働局	平成29年12月31日	（有）Ｔ・Ｋ・Ｍ	山梨県南アルプス市	H29.5.10	労働基準法第120条	臨検監督を行った労働基準監督官の尋問に対して、虚偽の陳述を行ったもの	H29.5.10送検	
山梨労働局	平成29年12月31日	（株）イナバ	山梨県南巨摩郡南部町	H29.6.21	労働安全衛生法第20条,クレーン等安全規則第66条の２	林道工事において移動式クレーン仕様のドラグショベルを使用する際に、作業の方法を定めていなかったもの	H29.6.21送検	
山梨労働局	平成29年12月31日	（株）ドミール	山梨県甲府市	H29.7.10	労働基準法第32条	労働者１名に対し、36協定の締結・届出を行うことなく、違法な時間外労働を行わせたもの	H29.7.5送検	
山梨労働局	平成29年12月31日	内田材木店	山梨県南アルプス市	H29.8.3	労働安全衛生法第20条,労働安全衛生規則第151条の３	製材工場において貨物自動車を用いて作業を行う際に、作業計画を定めていなかったもの	H29.8.3送検	
山梨労働局	平成29年12月31日	クラフト工業（株）	神奈川県川崎市川崎区	H29.10.5	労働安全衛生法第21条,労働安全衛生規則第537条	焼却炉の耐熱材を解体する工事において、当該耐熱材の落下による危険を防止する措置を講じていなかったもの	H29.10.5送検	
山梨労働局	平成29年12月31日	（株）ミラプロ	山梨県北杜市	H29.10.18	労働基準法第32条	労働者６名に対し、36協定の締結・届出を行うことなく、違法な時間外労働を行わせ、又、36協定を届出た後も、協定した延長時間を超える、違法な時間外労働を行わせたもの	H29.10.18送検	
山梨労働局	平成29年12月31日	（株）セイフコ	静岡県浜松市中区	H29.12.1	労働安全衛生法第20条,労働安全衛生規則第151条の78	ベルトコンベヤーに、非常停止装置を備え付けることなく、労働者に作業を行わせたもの	H29.12.1送検	
長野労働局	平成29年12月31日	ペイントマン竹村塗装店	長野県大町市	H29.2.1	労働安全衛生法第21条,労働安全衛生規則第519条	高さ2.5ｍの作業床の端に手すり等を設けることなく、労働者に作業を行わせたもの	H29.2.1送検	
長野労働局	平成29年12月31日	（株）ファインプラス　伊那事業所	長野県伊那市	H29.3.22	労働安全衛生法第20条,労働安全衛生施行令第13条,労働安全衛生規則第27条	厚生労働大臣の定める基準を満たしていないエレベーターを使用して、労働者に梱包資材を運搬させたもの	H29.3.22送検	
長野労働局	平成29年12月31日	（株）銀亭	長野県佐久市	H29.7.25	最低賃金法第４条	労働者１名に、１か月間の定期賃金合計約16万円を支払わなかったもの	H29.7.25送検	
長野労働局	平成29年12月31日	（有）エヌ・ケー・ビー	長野県諏訪市	H29.9.14	労働安全衛生法第20条,労働安全衛生規則第158条	ドラグ・ショベルと接触するおそれのある箇所に、労働者を立ち入らせていたもの	H29.9.14送検	
長野労働局	平成29年12月31日	（株）吉澤総業	長野県松本市	H29.10.12	労働安全衛生法第14条,労働安全衛生法施行令第６条,労働安全衛生規則第360条	高さ２ｍ以上の地山の掘削の作業を行わせるにあたり、作業を直接指揮していなかったもの	H29.10.12送検	
長野労働局	平成29年12月31日	（株）ヤツレン	長野県南佐久郡南牧村	H29.12.7	労働基準法第104条の２	労働基準監督官から報告を求められた際に、虚偽の賃金台帳を添付した報告書を提出したもの	H29.12.7送検	
長野労働局	平成29年12月31日	（有）ますだ製作所	長野県小県郡青木村	H29.12.8	労働安全衛生法第20条,労働安全衛生規則第131条	プレス機械を用いて労働者に作業を行わせる際に身体の一部が危険限界に入らないような措置を講じなかったこと	H29.12.8送検	
岐阜労働局	平成29年11月30日	（株）騠野塗装	愛知県名古屋市南区	H29.1.6	労働安全衛生法第21条,労働安全衛生規則第518条	高さ２ｍ以上の箇所で労働者に作業を行わせるに当たり、作業床を設けなかったもの	H29.1.6送検	
岐阜労働局	平成29年11月30日	矢口縫製	岐阜県山県市	H29.2.10	最低賃金法第４条	労働者３名に、７か月間の定期賃金等合計約350万円を支払わなかったもの	H29.2.10送検	
岐阜労働局	平成29年11月30日	シキボウ物流センター（株）	岐阜県海津市	H29.3.17	労働安全衛生法第21条,労働安全衛生規則第519条	高さ2.5ｍのラック上の端で、労働者に安全帯等を使用させず作業を行わせたもの	H29.3.17送検	
岐阜労働局	平成29年11月30日	（株）ジーエヌプラン	岐阜県岐阜市	H29.8.18	労働安全衛生法第21条,労働安全衛生規則第518条	高さ2.9ｍの場所で労働者に作業を行わせるに当たり、作業床を設けなかったもの	H29.8.18送検	
岐阜労働局	平成29年11月30日	徳田工業（株）　可児工場	岐阜県可児市	H29.9.14	労働基準法第32条	労働者11名に、36協定の延長時間を超える違法な時間外労働を行わせたもの	H29.9.14送検	
岐阜労働局	平成29年11月30日	（株）仙石	岐阜県各務原市	H29.10.5	労働安全衛生法第22条,粉じん障害防止規則第27条,労働者派遣法第45条	屋内で金属製品のバリ取り作業を行わせる労働者に、有効な呼吸用保護具を使用させなかったもの	H29.10.5送検	
岐阜労働局	平成29年11月30日	ＩＭＳテクノ（株）	岐阜県安八郡神戸町	H29.11.9	労働安全衛生法第20条,労働安全衛生規則第107条	ロール機に、覆い等を設けることなく労働者に清掃作業を行わせたもの	H29.11.9送検	
岐阜労働局	平成29年11月30日	（株）トゥ・ステップ	岐阜県大垣市	H29.11.20	労働基準法第32条	労働者１名に、36協定の締結・届出を行うことなく、違法な時間外・休日労働を行わせたもの	H29.11.20送検	
静岡労働局	平成29年12月31日	（株）ＡＳカンテック	静岡県藤枝市	H29.1.11	最低賃金法第４条	労働者１名に、１か月間の定期賃金合計約20万円を支払わなかったもの	H29.1.11送検	
静岡労働局	平成29年12月31日	（有）竹善工業	静岡県御前崎市	H29.3.14	最低賃金法第４条	労働者３名に、１か月間の定期賃金合計約67万円を支払わなかったもの	H29.3.14送検	
静岡労働局	平成29年12月31日	平井工業（株）	静岡県静岡市葵区	H29.7.18	労働安全衛生法第30条,労働安全衛生規則第636条	関係請負人に対し、工事現場の組立中の足場について立入禁止等の作業間の連絡及び調整を行わなかったもの	H29.7.18送検	
静岡労働局	平成29年12月31日	ニッピコラーゲン工業（株）　富士宮工場	静岡県富士宮市	H29.10.20	労働安全衛生法第20条,労働安全衛生規則第130条の5	労働者に食品加工用粉砕機を使用させるにあたり、蓋、囲い等を設けていなかったもの	H29.10.20送検	
静岡労働局	平成29年12月31日	(有）鈴秀建設	静岡県沼津市	H29.11.1	労働安全衛生法第20条,労働安全衛生規則第158条	運転中のドラグ・ショベルに接触する危険があったのに、誘導者を配置せず、労働者を立ち入らせたもの	H29.11.1送検	
静岡労働局	平成29年12月31日	(株）ＡＫＡＩＳＨＩ	静岡県静岡市駿河区	H29.11.9	労働基準法第32条	労働者２名に時間外労働・休日労働に関する協定で定めた延長時間を超えて時間外労働させたもの	H29.11.9送検	
静岡労働局	平成29年12月31日	内藤建築	静岡県浜松市北区	H29.12.11	労働安全衛生法第21条,労働安全衛生規則第518条	高さ3.4ｍの梁上において、安全帯を使用させることなく労働者に作業を行わせたもの	H29.12.11送検	
愛知労働局	平成29年12月31日	稲沢駅前センター商業協同組合	愛知県稲沢市	H29.1.20	最低賃金法第４条	労働者９名に対し、２か月間の定期賃金の一部（愛知県最低賃金との差額）合計約４万円を支払わなかったもの	H29.1.20送検	
愛知労働局	平成29年12月31日	（有）フレッシュフーズ稲沢	愛知県稲沢市	H29.1.20	最低賃金法第４条	労働者１名に対し、２か月間の定期賃金の一部（愛知県最低賃金との差額）合計約１万円を支払わなかったもの	H29.1.20送検	
愛知労働局	平成29年12月31日	（株）八雲工業	広島県尾道市	H29.1.20	労働安全衛生法第20条,労働安全衛生規則第568条	その日の作業開始前に、つり足場の墜落防止設備の取り外し及び脱落の有無について点検を行わなかったもの	H29.1.20送検	
愛知労働局	平成29年12月31日	日東工営（株）　名古屋支店	愛知県名古屋市中村区	H29.2.10	労働安全衛生法第22条,石綿障害予防規則第３条	建築物の解体等の作業を行うにあたり、あらかじめ当該建築物について石綿の使用の有無を調査しなかったもの	H29.2.10送検	
愛知労働局	平成29年12月31日	（株）カクイ建設	愛知県名古屋市港区	H29.2.14	労働安全衛生法第20条,労働安全衛生規則第160条	車両系建設機械の作業装置を地上に下ろさずに、運転位置から離れたもの	H29.2.14送検	
愛知労働局	平成29年12月31日	（有）参州寿組　豊田営業所	愛知県豊田市	H29.2.17	労働安全衛生法第20条,クレーン等安全規則第66条の２	作業場所の広さ、地質の状態等を考慮して移動式クレーンの転倒防止の方法をあらかじめ定めなていなかったもの	H29.2.17送検	
愛知労働局	平成29年12月31日	（株）小西生コン　春日井工場	愛知県春日井市	H29.2.20	労働安全衛生法第20条,労働安全衛生規則第107条	コンクリートミキサーの清掃作業にあたり、機械の運転禁止措置を行っていなかったもの	H29.2.20送検	
愛知労働局	平成29年12月31日	（株）Ｓ＆Ａ	愛知県名古屋市熱田区	H29.3.1	最低賃金法第４条	労働者７名に対し、１か月間の定期賃金合計約100万円を支払わなかったもの	H29.3.1送検	
愛知労働局	平成29年12月31日	ＴＡＩＨＥＩ（株）	愛知県名古屋市中区	H29.3.10	最低賃金法第４条	労働者４名に対し、３か月間の定期賃金合計約85万円を支払わなかったもの	H29.3.10送検	
愛知労働局	平成29年12月31日	内外物産（株）　刈谷支店	愛知県刈谷市	H29.3.13	労働基準法第32条	労働者１名に対し、時間外・休日労働に関する協定の届出なく時間外労働を行わせたもの	H29.3.13送検	
愛知労働局	平成29年12月31日	（有）石川プレス工業所	愛知県津島市	H29.3.23	労働安全衛生法第45条,労働安全衛生法施行令第15条,労働安全衛生規則第134条の３	プレス機械について、１年に１回、定期に行うべき法定の自主検査を行わず使用していたもの	H29.3.23送検	
愛知労働局	平成29年12月31日	昌和工業（株）	愛知県春日井市	H29.4.4	労働安全衛生法第100条,労働安全衛生規則第97条	４日以上の休業を要する労働災害について、虚偽の記載をした労働者死傷病報告を提出したもの	H29.4.4送検	
愛知労働局	平成29年12月31日	（株）電通　中部支社	愛知県名古屋市中村区	H29.4.25	労働基準法第32条	労働者２名に対し、時間外・休日労働に関する協定の延長時間を超える違法な時間外労働を行わせたもの	H29.4.25送検	H29.7.5不起訴
愛知労働局	平成29年12月31日	メドライン・ロジスティクス・ジャパン（同）　愛西物流センター	愛知県愛西市	H29.5.25	労働基準法第32条	労働者４名に対し、時間外・休日労働に関する協定の届出なく時間外労働を行わせたもの	H29.5.25送検	
愛知労働局	平成29年12月31日	阪野建設（株）	愛知県名古屋市緑区	H29.6.6	労働安全衛生法第20条,労働安全衛生規則第158条	運転中のドラグ・ショベルに接触する危険があったのに、誘導者を配置せず、労働者を立ち入らせたもの	H29.6.6送検	
愛知労働局	平成29年12月31日	新日鐵住金（株）　名古屋製鐵所	愛知県東海市	H29.6.6	労働安全衛生法第20条,労働安全衛生規則第266条	自然発火の危険がある乾燥した石炭を積み重ねていたのに、危険な温度に上昇しない措置を講じていなかったもの	H29.6.6送検	H29.6.22不起訴(起訴猶予）
愛知労働局	平成29年12月31日	中日本建設(株)	愛知県名古屋市名東区	H29.8.4	労働基準法第32条	労働者３名に対し、時間外・休日労働に関する協定の届出なく時間外労働を行わせたもの	H29.8.4送検	
愛知労働局	平成29年12月31日	（株）プレコット	愛知県名古屋市中区	H29.8.18	最低賃金法第４条	労働者４名に対し、３か月間の定期賃金合計約120万円を支払わなかったもの	H29.8.18送検	
愛知労働局	平成29年12月31日	（株）ウオークス	愛知県名古屋市中区	H29.8.18	最低賃金法第４条	労働者５名に対し、３か月間の定期賃金合計約190万円を支払わなかったもの	H29.8.18送検	
愛知労働局	平成29年12月31日	（株）誠強工業	愛知県名古屋市中川区	H29.8.21	労働安全衛生法第20条,労働安全衛規則第158条	運転中のドラグ・ショベルに接触する危険があったのに、接触を防止するための措置を講じていなかったもの	H29.8.21送検	
愛知労働局	平成29年12月31日	（有）ＰＲＯＰ	愛知県春日井市	H29.8.22	労働安全衛生法第20条,労働安全衛規則第151条の14	フォークリフトを主たる用途以外である作業床として使用していたもの	H29.8.22送検	
愛知労働局	平成29年12月31日	（株）サクライ	三重県鈴鹿市	H29.8.24	労働安全衛生法第21条,労働安全衛生規則第518条,労働者派遣法第45条	高さ約7.5ｍの場所で労働者に作業を行わせるにあたり、墜落防止措置を講じていなかったもの	H29.8.24送検	
愛知労働局	平成29年12月31日	（株）フードマニア	愛知県名古屋市天白区	H29.8.25	最低賃金法第４条	労働者10名に対し、２か月間の定期賃金合計約80万円を支払わなかったもの	H29.8.25送検	
愛知労働局	平成29年12月31日	（同）ハイスペック	愛知県江南市	H29.9.4	労働基準法第24条	労働者１名に対し、２か月間の定期賃金合計約９万円を支払わなかったもの	H29.9.4送検	
愛知労働局	平成29年12月31日	（株）麦島建設	愛知県名古屋市昭和区	H29.9.5	労働安全衛生法第31条,労働安全衛規則第653条	高さ約1.8ｍの場所で請負人の労働者に作業させる際に安全に昇降するための設備等を設けていなかったもの	H29.9.5送検	
愛知労働局	平成29年12月31日	（株）ナイガイ	愛知県一宮市	H29.9.19	労働基準法第37条	外国人技能実習生４名に対し、１か月間の時間外労働の割増賃金合計約30万円を支払わなかったもの	H29.9.19送検	
愛知労働局	平成29年12月31日	（株）エフベーカリーコーポレーション	愛知県春日井市	H29.9.22	労働安全衛生法第20条,労働安全衛生規則第150条の４	産業用ロボットを運転する場合に接触することによる危険を防止するために必要な措置を講じなかったもの	H29.9.22送検	
愛知労働局	平成29年12月31日	（株）平田工業	愛知県名古屋市港区	H29.10.4	労働安全衛生法第59条,労働安全衛生規則第36条	足場の組立て作業に係る業務において、当該業務に関する特別教育を実施していない労働者を就かせたもの	H29.10.4送検	
愛知労働局	平成29年12月31日	（株）フィット・プラス	愛知県岡崎市	H29.10.5	労働安全衛生法第21条,労働安全衛生規則第524条	スレート屋根上の作業において、踏み抜きによる危険防止の措置を講じていなかったもの	H29.10.5送検	
愛知労働局	平成29年12月31日	（株）メルベ稲垣	愛知県名古屋市千種区	H29.11.10	労働基準法第24条	労働者２名に対し、６か月間の定期賃金合計約206万円を支払わなかったもの	H29.11.10送検	
愛知労働局	平成29年12月31日	（株）大地	愛知県豊川市	H29.12.14	最低賃金法第４条	労働者４名に対し、１か月間の定期賃金合計約45万円を支払わなかったもの	H29.12.14送検	
三重労働局	平成29年12月31日	（有）丸騠	三重県尾鷲市	H29.6.16	労働安全衛生法第20条,労働安全衛生規則第130条の５	食品加工用粉砕機に蓋、囲い等を設けることなく労働者に作業を行わせたもの	H29.6.16送検	
三重労働局	平成29年12月31日	小林瓦工業	三重県四日市市	H29.6.21	労働安全衛生法第21条,労働安全衛生規則第519条	安全帯を使用させることなく労働者に高さ約４ｍの高所作業を行わせたもの	H29.6.21送検	
三重労働局	平成29年12月31日	中西総合運輸（株）	三重県伊賀市	H29.7.25	労働基準法第32条	労働者１名に、36協定の延長時間を超える違法な時間外労働を行わせたもの	H29.7.25送検	
三重労働局	平成29年12月31日	（株）ブルーフィン三重	三重県度会郡南伊勢町	H29.9.22	労働安全衛生法第20条,労働安全衛生規則第151条の６	フォークリフトの転落による労働者の危険を防止するため必要な措置を講じなかったもの	H29.9.22送検	
滋賀労働局	平成29年12月31日	（株）奥田工務店	滋賀県蒲生郡日野町	H29.1.25	労働安全衛生法第31条,労働安全衛生規則第653条	請負人の労働者に高さ9.8ｍの作業床を使用させるに際し、手すり等を設けていなかったもの	H29.1.25送検	
滋賀労働局	平成29年12月31日	修荘板金	三重県伊賀市	H29.1.25	労働安全衛生法第21条,労働安全衛生規則第519条	高さ9.8ｍの作業床で作業を行わせるに当たり、作業床の端に手すり等を設けていなかったもの	H29.1.25送検	
滋賀労働局	平成29年12月31日	（株）エコパレット滋賀	滋賀県甲賀市	H29.7.20	労働安全衛生法第20条,労働安全衛生規則第107条	原料の除去作業を労働者に行わせる際、近接するスクリューコンベアの運転を停止をさせなかったもの	H29.7.20送検	
滋賀労働局	平成29年12月31日	関西ティーイーケィ（株）	滋賀県大津市	H29.11.28	労働安全衛生法第31条,労働安全衛生規則第653条	請負人の労働者に高さ約11ｍの作業床を使用させるに際し、開口部に墜落防止措置を設けていなかったもの	H29.11.28送検	
滋賀労働局	平成29年12月31日	（有）久栄建設	大阪府大阪市大正区	H29.12.7	労働安全衛生法第100条,労働安全衛生規則第97条	休業４日以上の労働災害が発生したにもかかわらず、労働者死傷病報告を提出しなかったもの	H29.12.7送検	
京都労働局	平成29年12月31日	（株）騠橋組	兵庫県神戸市兵庫区	H29.1.25	労働安全衛生法第21条,労働安全衛生規則第519条	高さ約30ｍの屋上で手すり等を設けず労働者に足場の組立作業を行わせたもの	H29.1.25送検	
京都労働局	平成29年12月31日	日本合繊工業（株）	京都府京都市南区	H29.3.24	労働安全衛生法第20条,労働安全衛生規則第107条	樹脂加工装置の運転を停止しないまま、同装置の回転ローラーの掃除を労働者に行わせたもの	H29.3.24送検	
京都労働局	平成29年12月31日	（株）ナイキシステム	京都府久世郡久御山町	H29.3.30	最低賃金法第４条	"労働者10名に２か月間の定期賃金合計約1	349万円を支払わなかったもの"	H29.3.30送検	
京都労働局	平成29年12月31日	（株）電通　京都支社	京都府京都市下京区	H29.4.25	労働基準法第32条	労働者２名に、36協定の延長時間を超える違法な時間外労働を行わせたもの	H29.4.25送検	H29.7.5不起訴
京都労働局	平成29年12月31日	酒菜　大地の蔵	京都府舞鶴市	H29.5.10	最低賃金法第４条	労働者1名に対し、京都府最低賃金額以上の賃金を支払っていなかったもの	H29.5.10送検	
京都労働局	平成29年12月31日	（株）ＲＡＩＺＯ	京都市下京区	H29.6.5	労働基準法第32条	労働者１名に、36協定の締結・届出を行うことなく、違法な時間外労働を行わせたもの	H29.6.5送検	
京都労働局	平成29年12月31日	（有）北日本工業	京都府舞鶴市	H29.6.28	労働安全衛生法第21条,労働安全衛生規則第524条	高さ約10ｍのスレート屋根上で、歩み板や防網を張る等なく、下請労働者に作業を行わせていたもの	H29.6.28送検	
京都労働局	平成29年12月31日	（有）舞鶴小型運送社	京都府舞鶴市	H29.8.2	労働基準法第32条	労働者４名に、36協定の延長時間を超える違法な時間外労働を行わせたもの	H29.8.2送検	
京都労働局	平成29年12月31日	（有）丸幸運輸	京都府亀岡市	H29.11.16	労働基準法第32条	労働者１名に、36協定の締結・届出を行うことなく、違法な時間外労働を行わせたもの	H29.11.16送検	
京都労働局	平成29年12月31日	岩本重建	京都府舞鶴市	H29.12.7	労働基準法第６条	元雇用主という立場を利用して、他社に勤務する労働者の賃金を受領し、利益を得たもの	H29.12.7送検	
京都労働局	平成29年12月31日	マークリー	京都府京都市伏見区	H29.12.8	労働安全衛生法第21条,労働安全衛生規則第519条	高さ約4.5ｍのひさしの上で手すり等を設けることなく労働者に窓の清掃作業を行わせていたもの	H29.12.8送検	
京都労働局	平成29年12月31日	有山忠詞	大阪府東大阪市	H29.12.15	労働安全衛生法第61条,労働安全衛生法施行令第20条	無資格であるのにドラグ・ショベルを運転したもの	H29.12.15送検	
京都労働局	平成29年12月31日	（株）桜風舎	京都府京都市下京区	H29.12.20	最低賃金法第４条	労働者４名に２か月間の定期賃金合計約118万円を支払わなかったもの	H29.12.20送検	
京都労働局	平成29年12月31日	（特非）Ｇｒｏｗｔｈ	京都府京都市伏見区	H29.12.21	労働基準法第24条	労働者13名に３か月間の定期賃金合計約152万円を支払わなかったもの	H29.12.21送検	
京都労働局	平成29年12月31日	（株）アカイシ	兵庫県豊岡市	H29.12.22	労働安全衛生法第21条,労働安全衛生規則第524条,労働者派遣法第45条	高さ約10ｍのスレート屋根上で、歩み板や防網を張る等なく、労働者に作業を行わせたもの	H29.12.22送検	
大阪労働局	平成29年12月31日	諸星運輸（株）　岸和田営業所	大阪府岸和田市	H29.1.24	労働基準法第32条	労働者１名に、36協定の締結・届出なく、違法な時間外労働を行わせたもの	H29.1.24送検	
大阪労働局	平成29年12月31日	（株）日進工業	大阪府大阪市生野区	H29.3.6	労働安全衛生法第14条,労働安全衛生法施行令第６条,労働安全衛生規則第134条	プレス機械の切替キースイッチを作業主任者が保管せず、プレス作業主任者としての職務を行わせなかったもの	H29.3.6送検	
大阪労働局	平成29年12月31日	（株）山並工務店	大阪府箕面市	H29.3.13	労働安全衛生法第100条,労働安全衛生規則第97条	休業４日以上の労働災害が発生したにもかかわらず、労働者死傷病報告を提出しなかったもの	H29.3.13送検	
大阪労働局	平成29年12月31日	（株）三木組	大阪府大阪市淀川区	H29.3.13	労働安全衛生法第91条	労働基準監督官の臨検時に労働災害が発生していない旨の虚偽の陳述を行ったもの	H29.3.13送検	
大阪労働局	平成29年12月31日	朝比奈建材（株）	大阪府和泉市	H29.4.6	労働安全衛生法第21条,労働安全衛生規則第362条	コンクリートブロック塀に近接した箇所で掘削の作業を行うに際して危険防止措置を講じなかったもの	H29.4.6送検	
大阪労働局	平成29年12月31日	（株）中山石渠	大阪府豊中市	H29.4.6	労働安全衛生法第21条,労働安全衛生規則第519条	生垣の剪定作業を行わせるに際して、墜落防止措置を講じていなかったもの	H29.4.6送検	
大阪労働局	平成29年12月31日	（株）太陽製作所	大阪府大阪市平野区	H29.4.13	労働基準法第32条	労働者１名に、36協定の延長時間を超える違法な長時間労働を行わせたもの	H29.4.13送検	
大阪労働局	平成29年12月31日	（有）神農物流	大阪府東大阪市	H29.4.13	労働安全衛生法第45条,労働安全衛生法施行令第15条,クレーン等安全規則第34条	床上操作式天井クレーンについて、１年以内ごとに１回、定期に自主検査を実施していなかったもの	H29.4.13送検	
大阪労働局	平成29年12月31日	（株）電通　関西支社	大阪府大阪市北区	H29.4.25	労働基準法第32条	労働者１名に、36協定の延長時間を超える違法な時間外労働を行わせたもの	H29.4.25送検	H29.7.5不起訴
大阪労働局	平成29年12月31日	華福貿易（株）	大阪府和泉市	H29.4.28	労働安全衛生法第21条,労働安全衛生規則第518条	扉の設置作業において、作業床を設置する等の墜落防止措置を講じなかったもの	H29.4.28送検	
大阪労働局	平成29年12月31日	中央砕石（株）	大阪府高槻市	H29.5.11	労働安全衛生法第20条,労働安全衛生規則第155条	車両系建設機械を用いて作業をさせるに際して、作業計画を定め、当該作業計画により作業を行わせなかったもの	H29.5.11送検	
大阪労働局	平成29年12月31日	天帝建設（株）	大阪府大阪市北区	H29.6.6	労働安全衛生法第20条,労働安全衛生規則第158条,労働者派遣法第45条	車両系建設機械を用いて作業をさせるに際して、接触の危険のある箇所に労働者に立ち入らせたもの	H29.6.6送検	
大阪労働局	平成29年12月31日	（有）オーケイ製作所	大阪府大阪市西淀川区	H29.8.8	労働安全衛生法第14条,労働安全衛生法施行令第６条,労働安全衛生規則第134条	プレス機械の切替キースイッチを作業主任者が保管せず、プレス作業主任者としての職務を行わせなかったもの	H29.8.8送検	
大阪労働局	平成29年12月31日	須賀工業（株）　大阪支社	大阪府大阪市西区	H29.8.29	労働基準法第35条	労働者１名に、36協定の範囲を超える違法な休日労働を行わせたもの	H29.8.29送検	
大阪労働局	平成29年12月31日	荒木運輸（株）　東大阪ＣＦセンター	大阪府東大阪市	H29.9.7	労働基準法第32条	労働者３名に、36協定の延長時間を超える違法な時間外労働を行わせたもの	H29.9.7送検	
大阪労働局	平成29年12月31日	渡辺電気工業（株）	大阪府高槻市	H29.9.12	労働安全衛生法第100条,労働安全衛生規則第97条	休業４日以上の休業を要する労働災害が発生したのに、遅滞なく労働者死傷病報告を報告しなかったもの	H29.9.12送検	
大阪労働局	平成29年12月31日	山本鉄器工業（株）	大阪府大阪市生野区	H29.9.14	労働安全衛生法第20条,労働安全衛生規則第131条	プレス機械に有効な安全装置を使用させる等の措置を講じなかったもの	H29.9.14送検	
大阪労働局	平成29年12月31日	龍美建装	大阪府豊中市	H29.9.26	労働安全衛生法第21条,労働安全衛生規則第519条	高さ約６ｍの屋根の上で、安全帯を使用させることなく労働者に作業を行わせたもの	H29.9.26送検	
大阪労働局	平成29年12月31日	（株）天徳工業　第二工場	大阪府大阪市平野区	H29.9.29	労働安全衛生法第20条,労働安全衛生規則第131条	プレス機械に有効な安全装置を使用させる等の措置を講じなかったもの	H29.9.29送検	
大阪労働局	平成29年12月31日	（株）鶴田工業	兵庫県西宮市	H29.10.24	労働安全衛生法第21条,労働安全衛生規則第519条	高さ約2.4ｍの屋根上で、手すり等を設けることなく、労働者に作業を行わせたもの	H29.10.24送検	
大阪労働局	平成29年12月31日	大和技研（株）	兵庫県伊丹市	H29.10.24	労働安全衛生法第31条,労働安全衛生規則第653条	高さ約2.4ｍの屋根上で、手すり等を設けることなく、下請労働者に作業を行わせたもの	H29.10.24送検	
大阪労働局	平成29年12月31日	極東ゴム（株）	大阪府堺市堺区	H29.10.27	労働安全衛生法第20条,労働安全衛生規則第131条	シャーに有効な安全装置を使用させる等の措置を講じなかったもの	H29.10.27送検	
大阪労働局	平成29年12月31日	（株）嶋袋商店	大阪府大阪市西淀川区	H29.10.27	労働安全衛生法第20条,労働安全衛生規則第158条,労働者派遣法第45条	トラクターショベルを運転させるに当たり、誘導者を配置せずに、労働者に作業を行わせたもの	H29.10.27送検	
大阪労働局	平成29年12月31日	上野輸送（株）　西日本支店大阪事業所	大阪府大阪市大正区	H29.10.31	労働基準法第32条	労働者３名に、36協定の延長時間を超える違法な時間外労働を行わせたもの	H29.10.31送検	
大阪労働局	平成29年12月31日	マリンフード（株）　泉大津工場	大阪府泉大津市	H29.11.17	労働安全衛生法第21条,労働安全衛生規則第519条	高さ約5.53ｍの台の上で、手すり等を設けることなく、労働者に作業を行わせたもの	H29.11.17送検	
大阪労働局	平成29年12月31日	谷畑産業（株）	大阪府池田市	H29.12.18	労働安全衛生法第20条,労働安全衛生規則第107条	ベルトコンベヤーの運転を停止させることなく、労働者に清掃作業を行わせたもの	H29.12.18送検	
大阪労働局	平成29年12月31日	（有）加納運送	和歌山県和歌山市	H29.12.26	労働安全衛生法第20条,労働安全衛生規則第151条の74	保護帽を着用させることなく、労働者に貨物自動車の荷台に荷積み作業を行わせたもの	H29.12.26送検	
大阪労働局	平成29年12月31日	カラオケスナックピース	大阪府東大阪市	H29.12.27	最低賃金法第４条,労働基準法第37条	労働者１名に、２か月間の定期賃金約12万円及び深夜労働の割増賃金約３万円を支払わなかったもの	H29.12.27送検	
兵庫労働局	平成29年12月31日	（株）家島ドック	兵庫県姫路市	H29.1.20	労働安全衛生法第20条,クレーン等安全規則第26条	無資格者に吊上げ荷重５トン以上クレーンを運転させ、かつ同クレーンで違法に人を吊り上げて作業したもの	H29.1.20送検	
兵庫労働局	平成29年12月31日	（株）安田	京都府京都市南区	H29.2.17	労働安全衛生法第21条,労働安全衛生規則第519条	解体工事現場で、直下まで高さ約25ｍある開口部の周囲に墜落防止措置を行っていなかったもの	H29.2.17送検	
兵庫労働局	平成29年12月31日	（有）ＹＡＭＡＴＯ	大阪府堺市西区	H29.3.22	労働安全衛生法第14条,労働安全衛生法施行令第６条,労働安全衛生規則第565条	吊り足場の解体工事を行わせるに際し、法定の足場の組立て等作業主任者を選任しなかったもの	H29.3.22送検	
兵庫労働局	平成29年12月31日	（株）立雲	兵庫県朝来市	H29.3.24	労働安全衛生法第21条,労働安全衛生規則第518条	急傾斜地の測量を高さ約６ｍの法枠工内で行わせるに際し、墜落防止措置を行わなかったもの	H29.3.24送検	
兵庫労働局	平成29年12月31日	森永乳業（株）　神戸工場	兵庫県神戸市灘区	H29.3.24	労働安全衛生法第20条,労働安全衛生規則第107条	機械の不具合を解消（調整）する作業を、その機械にはさまれるおそれがあるのに、機械を停止せず行わせたもの	H29.3.24送検	
兵庫労働局	平成29年12月31日	（株）国益電業社	兵庫県洲本市	H29.5.11	労働安全衛生法第21条,労働安全衛生規則第519条	ＴＶ映像不良調査作業に際し、直下まで高さ約15ｍの屋上作業場の端からの墜落防止措置を行わなかったもの	H29.5.11送検	
兵庫労働局	平成29年12月31日	（医）清流会　貞光病院	兵庫県加古川市	H29.5.19	最低賃金法第４条	労働者14名に、所定賃金１か月分（総額約185万円）を所定支払日に全額支払わなかったもの	H29.5.19送検	
兵庫労働局	平成29年12月31日	大原商店	兵庫県姫路市	H29.6.2	労働安全衛生法第21条,労働安全衛生規則第518条,労働者派遣法第45条	解体工事現場で高さ約５ｍの場所でのシートはずし作業の際、足場設置等の墜落防止措置を行わなかったもの	H29.6.2送検	
兵庫労働局	平成29年12月31日	灘タクシー（株）	兵庫県神戸市灘区	H29.7.11	労働基準法第24条	労働者４名に、１か月分賃金（総額約105万円）を所定支払日に支払わなかったもの	H29.7.11送検	
兵庫労働局	平成29年12月31日	（株）寺西工務店	兵庫県淡路市	H29.9.4	労働安全衛生法第20条,労働安全衛生規則第564条	高さ５ｍの足場の端で、安全帯を使用させることなく、労働者に足場材の緊結作業を行わせたもの	H29.9.4送検	
兵庫労働局	平成29年12月31日	（有）暫	兵庫県尼崎市	H29.10.13	最低賃金法第４条	労働者１名に、２か月分定期賃金総額約47万円を支払わなかったもの	Ｈ29.10.13送検	
兵庫労働局	平成29年12月31日	ミヨシ油脂（株）　神戸工場	兵庫県神戸市長田区	H29.10.19	労働安全衛生法第65条,酸素欠乏症等防止規則第3条	タンク内の空気中の酸素濃度を、作業前に測定していなかったもの	Ｈ29.10.19送検	
兵庫労働局	平成29年12月31日	出光工業（株）	兵庫県赤穂市	H29.11.29	労働安全衛生法第20条,労働安全衛生規則第107条	ロール機の運転を停止させることなく、労働者に掃除作業を行わせたもの	Ｈ29.11.29送検	
兵庫労働局	平成29年12月31日	グリーンサービス棚倉	兵庫県三木市	H29.11.30	労働安全衛生法第21条,労働安全衛生規則第519条	高さ２ｍ以上の箇所で、労働者に作業を行わせるに当たり、墜落防止措置を講じなかったもの	Ｈ29.11.30送検	
奈良労働局	平成29年12月31日	（株）Ｉ・Ｔ・Ｏ	奈良県奈良市	H29.1.19	労働安全衛生法第20条,労働安全衛生規則第151条の78,労働者派遣法第45条	コンベヤーに、非常停止装置を設置することなく労働者に作業を行わせたもの	H29.1.19送検	
奈良労働局	平成29年12月31日	鳳正建設	奈良県宇陀市	H29.1.25	労働安全衛生法第20条,労働安全衛生規則第164条	ドラグショベルによる荷のつり上げを行い、ドラグショベルを主たる用途以外の用途に使用したこと	H29.1.25送検	
奈良労働局	平成29年12月31日	野崎建設	奈良県香芝市	H29.2.17	労働安全衛生法第100条,労働安全衛生規則第97条	約90日間の休業を要する労働災害が発生したのに、遅滞なく労働者死傷病報告を提出しなかったもの	H29.2.17送検	
奈良労働局	平成29年12月31日	大阪精工（株）　奈良工場	奈良県磯城郡川西町	H29.5.23	労働安全衛生法第20条,労働安全衛生規則第107条	機械の運転を停止することなく労働者に機械の調整作業（異物の除去）を行わせたもの	H29.5.23送検	
奈良労働局	平成29年12月31日	（株）中家建設	奈良県吉野郡下市町	H29.10.4	労働安全衛生法第21条,労働安全衛生規則第479条	伐倒について一定の合図を定めることなく労働者に伐木作業を行わせたもの	H29.10.4送検	
奈良労働局	平成29年12月31日	（有）エム・ケイ運輸	奈良県大和郡山市	H29.10.20	労働基準法第32条	労働者５名に、36協定の延長時間を超える違法な時間外労働を行わせたもの	H29.10.20送検	
奈良労働局	平成29年12月31日	松建	奈良県奈良市	H29.11.13	労働安全衛生法第61条,労働安全衛生法施行令第20条	無資格でドラグショベルの運転を行ったもの	H29.11.13送検	
和歌山労働局	平成29年12月31日	日出染業（株）	和歌山県和歌山市	H29.1.6	労働安全衛生法第100条,労働安全衛生規則第97条	フォークリフトの無資格を隠蔽するために虚偽の内容の労働者死傷病報告書を労働基準監督署長に提出したもの	H29.1.6送検	
和歌山労働局	平成29年12月31日	吉中工務店	三重県南牟婁郡紀宝町	H29.3.9	労働安全衛生法第20条,労働安全衛生規則第563条	高さ2.85ｍの足場において手すり等を設けず、また、転位等しないよう足場を取り付けていなかったもの	H29.3.9送検	
和歌山労働局	平成29年12月31日	紀の里農業協同組合	和歌山県紀の川市	H29.8.18	労働基準法第32条	労働者４名に、36協定の延長時間を超える違法な時間外・休日労働を行わせたもの	H29.8.18送検	
和歌山労働局	平成29年12月31日	（有）兼萬	和歌山県和歌山市	H29.9.22	労働基準法第101条	労働基準監督官が臨検した際に虚偽の陳述をし、また、虚偽の記載をした帳簿書類を提出したもの	H29.9.22送検	
鳥取労働局	平成29年12月31日	（有）シンセリティ・コンサルタント	鳥取県東伯郡北栄町	H29.1.30	労働基準法第24条	労働者２名に１か月分の定期賃金を支払わなかったもの	H29.1.30送検	
鳥取労働局	平成29年12月31日	鳥取安泰（株）	鳥取県八頭郡若桜町	H29.8.1	労働基準法第32条	外国人技能実習生１名に、36協定の延長時間を超える違法な時間外労働を行わせたもの	H29.8.1送検	
鳥取労働局	平成29年12月31日	（株）サンコーソーイング	鳥取県米子市	H29.9.7	労働基準法第32条	外国人技能実習生４名に、36協定の延長時間を超える違法な時間外労働を行わせたもの	H29.9.7送検	
鳥取労働局	平成29年12月31日	（株）正光	鳥取県鳥取市	H29.12.6	労働安全衛生法第21条,労働安全衛生規則第519条	高さ約９ｍの天井クレーン上で、労働者に安全帯を使用させることなく整備作業を行わせたもの	H29.12.6送検	
島根労働局	平成29年12月31日	（有）森商建設	島根県邑智郡邑南町	H29.1.20	労働安全衛生法第20条,労働安全衛生規則第151条の95	車両系木材伐出機械に接触することにより危険が生ずるおそれのある箇所に労働者を立ち入らせたもの	H29.1.20送検	
島根労働局	平成29年12月31日	農事組合法人中国牧場	島根県仁多郡奥出雲町	H29.7.31	労働安全衛生法第61条,労働安全衛生法施行令第20条	無資格の運転者にフォークリフトを運転させたもの	H29.7.31送検	
島根労働局	平成29年12月31日	若女食品（株）	島根県江津市	H29.11.29	労働基準法第32条	外国人技能実習生８人に、36協定の延長時間を超える違法な時間外・休日労働を行わせたもの	H29.11.29送検	
岡山労働局	平成29年12月31日	（株）ヒラマツ	岡山県新見市	H29.3.21	最低賃金法第４条	労働者２名に、23か月間の定期賃金合計約419万円を支払わなかったもの	H29.3.21送検	
岡山労働局	平成29年12月31日	拓美社（有）	岡山県美作市	H29.6.1	最低賃金法第４条	労働者５名に、３か月間の定期賃金合計約81万円を支払わなかったもの	H29.6.1送検	
岡山労働局	平成29年12月31日	アサヒフォージ（株）  岡山真庭工場	岡山県真庭市	H29.7.18	労働安全衛生法第20条,労働安全衛生規則第151条の７	走行中のフォークリフト又はその荷に接触するおそれのある場所に、労働者を立ち入らせたもの	H29.7.18送検	
岡山労働局	平成29年12月31日	（株）エコシステムグループ	岡山県岡山市北区	H29.10.19	最低賃金法第４条	"労働者91名に、２か月間の定期賃金合計約4	010万円を支払わなかったもの"	H29.10.19送検	
岡山労働局	平成29年12月31日	（株）エコシステムコミュニケーションズ	岡山県岡山市北区	H29.10.19	最低賃金法第４条	"労働者41名に、２か月間の定期賃金合計約1	233万円を支払わなかったもの"	H29.10.19送検	
広島労働局	平成29年12月31日	（株）ジェイジェイ　広島事業所	広島県広島市中区	H29.2.27	労働基準法第32条	労働者10名に、36協定の延長時間を超える違法な時間外・休日労働を行わせたもの	H29.2.27送検	
広島労働局	平成29年12月31日	（株）コスモ工業	広島県東広島市	H29.5.9	労働安全衛生法第100条,労働安全衛生規則第97条	事実とは異なる災害発生状況を記載した虚偽の労働者死傷病報告を、所轄労基署に提出したもの	H29.5.9送検	
広島労働局	平成29年12月31日	（株）スタディプランニング広島	広島県広島市安佐南区	H29.5.25	労働基準法第24条	労働者５名に、１か月間の定期賃金合計約95万円を支払わなかったもの	H29.5.25送検	
広島労働局	平成29年12月31日	（株）光	広島県東広島市	H29.6.1	労働安全衛生法第20条,労働安全衛生規則第158条	ドラグ・ショベルを用いて行う作業において、ドラグ・ショベルの旋回範囲に労働者を立ち入らせたもの	H29.6.1送検	
広島労働局	平成29年12月31日	アルファルーク（株）	広島県福山市	H29.6.7	最低賃金法第４条	労働者２名に、２か月分の定期賃金合計約107万円を支払わなかったもの	H29.6.7送検	
広島労働局	平成29年12月31日	光洋工業（株）	広島県尾道市	H29.8.31	労働安全衛生法第14条,労働安全衛生法施行令第６条,酸素欠乏症等防止規則第11条,労働者派遣法第45条	台船のタンク修繕工事を行うに当たり、酸素欠乏危険作業主任者を選任しなかったもの	H29.8.31送検	
広島労働局	平成29年12月31日	（有）小川興企	広島県福山市	H29.9.25	労働基準法第24条	労働者７名に、７か月間の定期賃金合計約870万円を支払わなかったもの	H29.9.25送検	
広島労働局	平成29年12月31日	（株）ガーデンＯＧＡＷＡ	広島県神石郡神石高原町	H29.9.25	労働基準法第24条	労働者２名に、７か月間の定期賃金合計約218万円を支払わなかったもの	H29.9.25送検	
広島労働局	平成29年12月31日	エスエッチ・サンキョウ（株）	広島県尾道市	H29.9.28	労働基準法第32条	労働者３名に、36協定の締結・届出なく違法な時間外労働を行わせたもの	H29.9.28送検	
広島労働局	平成29年12月31日	井上建設（株）	広島県三原市	H29.10.20	労働安全衛生法第20条,労働安全衛生規則第157条	車両系建設機械を用いる作業を行わせる際、路肩からの転落を防止する措置を講じなかったもの	H29.10.20送検	
広島労働局	平成29年12月31日	吾興	広島県呉市	H29.11.17	労働安全衛生法第100条,労働安全衛生規則第97条	休業４日以上の休業を要する労働災害が発生したのに、遅滞なく労働者死傷病報告を提出しなかったもの	H29.11.17送検	
広島労働局	平成29年12月31日	（株）山崎木材	広島県庄原市	H29.11.20	労働安全衛生法第100条,労働安全衛生規則第97条	休業４日以上の休業を要する労働災害が発生したのに、遅滞なく労働者死傷病報告を提出しなかったもの	H29.11.20送検	
広島労働局	平成29年12月31日	（株）日本石材	京都府京都市下京区	H29.11.22	労働安全衛生法第61条,労働安全衛生法施行令第20条	無資格の労働者に移動式クレーンを運転させたもの	H29.11.22送検	
広島労働局	平成29年12月31日	（株）西本開発	岡山県浅口市	H29.12.22	労働安全衛生法第61条,労働安全衛生法施行令第20条	無資格の労働者にドラグ・ショベルを運転させたもの	H29.12.22送検	
山口労働局	平成29年12月31日	高圧プラント検査（株）	広島県呉市	H29.1.26	労働安全衛生法第30条,労働安全衛生規則第636条	元請と下請の労働者の作業が同一の場所で行われる際に、労働災害防止のための連絡調整を行わなかったもの	H29.1.26送検	
山口労働局	平成29年12月31日	西部運輸（株）　山口支店	山口県山口市	H29.3.23	労働基準法第32条	労働者１名に、36協定の延長時間を超えて違法な時間外労働を行わせたもの	H29.3.23送検	
山口労働局	平成29年12月31日	オセオ防水工業（株）	山口県山口市	H29.8.2	労働安全衛生法第31条,労働安全衛生規則第653条	高さ約９ｍの建屋屋上の端に手すり等を設けることなく下請の労働者に作業を行わせたもの	H29.8.2送検	
山口労働局	平成29年12月31日	盛栄建設（株）	山口県防府市	H29.8.2	労働安全衛生法第21条,労働安全衛生規則第519条	高さ約９ｍの建屋屋上の端に手すり等を設けることなく労働者に作業を行わせたもの	H29.8.2送検	
山口労働局	平成29年12月31日	美栄樹脂（株）	山口県岩国市	H29.11.21	労働基準法第32条	外国人技能実習生６名に、36協定の延長時間を超えて違法な時間外労働を行わせたもの	H29.11.21送検	
徳島労働局	平成29年12月31日	（株）クリエイト伊勢	徳島県鳴門市	H29.2.1	労働基準法第32条,労働基準法第37条	技能実習生１名に月74時間の違法な時間外労働を行わせ、時間外労働割増賃金約５万円を支払わなかったもの	H29.2.1送検	
徳島労働局	平成29年12月31日	（株）ナスビ−	徳島県阿南市	H29.8.1	労働安全衛生法第20条,労働安全衛生規則第164条	法定の除外事由なく労働者にドラグショベルを主たる用途以外の用途に使用させたもの	H29.8.1送検	
徳島労働局	平成29年12月31日	三好西部森林組合	徳島県三好市	H29.10.25	労働安全衛生法第20条,労働安全衛生規則第157条	路肩で誘導者を配置することなく、労働者にドラグショベルを用いて作業させたもの	H29.10.25送検	
徳島労働局	平成29年12月31日	西和林業（株）	徳島県三好市	H29.12.8	労働安全衛生法第21条,労働安全衛生規則第477条	伐倒の際に、支障物を取り除くことなく労働者に伐木作業を行わせたもの	H29.12.8送検	
徳島労働局	平成29年12月31日	四国ブロック工業（株）	徳島県阿南市	H29.12.8	労働安全衛生法第20条,労働安全衛生規則第151条の７	フォークリフトの荷に接触するおそれのある箇所に労働者を立ち入らせたもの	H29.12.8送検	
香川労働局	平成29年11月30日	（株）朝日段ボール	香川県高松市	H29.3.24	労働安全衛生法第21条,労働安全衛生規則第524条	スレート上で作業を行わせるに際し、踏抜きによる墜落防止措置を講じていなかったもの	H29.3.24送検	
愛媛労働局	平成29年12月31日	三原電機工業（株）	愛媛県伊予市	H29.2.16	労働安全衛生法第21条,労働安全衛生規則第518条	高さ7.6ｍの天井クレーン上で作業床を設けることなく労働者に作業を行わせたもの	H29.2.16送検	
愛媛労働局	平成29年12月31日	（株）井関松山製造所	愛媛県松山市	H29.2.17	労働安全衛生法第20条,労働安全衛生規則第107条	ショットブラスト装置の運転を停止させることなく労働者に調整の作業を行わせたもの	H29.2.17送検	
愛媛労働局	平成29年12月31日	（株）大昌鉃工所	愛媛県四国中央市	H29.2.20	労働安全衛生法第100条,労働安全衛生規則第97条	休業４日以上の労働災害が２件発生したのに、遅滞なく労働者死傷病報告を提出しなかったもの	H29.2.20送検	
愛媛労働局	平成29年12月31日	御島工業（株）	愛媛県今治市	H29.3.22	労働安全衛生法第61条,労働安全衛生法施行令第20条,クレーン等安全規則第221条	つり上げ荷重１トン以上のクレーンの玉掛け業務に資格を有しない者を就かせたもの	H29.3.22送検	
愛媛労働局	平成29年12月31日	大八工業（株）	愛媛県新居浜市	H29.6.15	労働安全衛生法第61条,労働衛生法施行令第20条,クレーン等安全規則第221条	つり上げ荷重１トン以上のクレーンの玉掛け業務に資格を有しない者を就かせたもの	H29.6.15送検	
愛媛労働局	平成29年12月31日	（有）ビー・ピー・ユニオン	愛媛県西予市	H29.8.25	労働基準法第32条	労働者１名に、36協定の延長時間を超える違法な時間外労働を行わせたもの	H29.8.25送検	
愛媛労働局	平成29年12月31日	丸共運送（株）	愛媛県大洲市	H29.11.2	労働基準法第32条	労働者１名に、36協定の延長時間を超える違法な時間外労働を行わせたもの	H29.11.2送検	
愛媛労働局	平成29年12月31日	（株）愛姫フーズ	愛媛県伊予市	H29.11.10	最低賃金法第４条	労働者２名に、２か月間の定期賃金合計約96万円を支払わなかったもの	H29.11.10送検	
愛媛労働局	平成29年12月31日	（株）モリオト	愛媛県四国中央市	H29.11.16	労働基準法第32条	技能実習生８名に、36協定の延長時間を超える違法な時間外労働を行わせたもの	H29.11.16送検	
愛媛労働局	平成29年12月31日	（株）森実興産	愛媛県四国中央市	H29.11.16	労働基準法第32条	技能実習生６名に、36協定の延長時間を超える違法な時間外労働を行わせたもの	H29.11.16送検	
愛媛労働局	平成29年12月31日	三栄紙業（株）	愛媛県四国中央市	H29.11.16	労働基準法第32条	技能実習生９名に、36協定の延長時間を超える違法な時間外労働を行わせたもの	H29.11.16送検	
愛媛労働局	平成29年12月31日	（株）遥人工業	愛媛県松山市	H29.11.27	労働安全衛生法第22条,有機溶剤中毒予防規則第32条	有機溶剤含有物を用いて行う塗装の業務に従事する労働者に、送気マスクを使用させなかったもの	H29.11.27送検	
愛媛労働局	平成29年12月31日	（株）大智	愛媛県宇和島市	H29.12.12	最低賃金法第４条	労働者２名に、５か月間の定期賃金合計約258万円を支払わなかったもの	H29.12.12送検	
愛媛労働局	平成29年12月31日	竹岡サッシ工業	愛媛県松山市	H29.12.13	労働安全衛生法第100条,労働安全衛生規則第97条	休業４日以上の労働災害が発生したのに、遅滞なく労働者死傷病報告を提出しなかったもの	H29.12.13送検	
高知労働局	平成29年11月30日	（株）ペイントスクラム	高知県須崎市	H29.3.22	最低賃金法第４条	労働者５名に２か月間の定期賃金合計約130万円を支払わなかったもの	H29.3.22送検	
高知労働局	平成29年11月30日	山本建設工業（株）	高知県宿毛市	H29.5.18	労働安全衛生法第20条,クレーン等安全規則第66条の２	作業場所の広さ、地形などを考慮して移動式クレーンによる作業の方法等をあらかじめ定めていなかったもの	H29.5.18送検	
高知労働局	平成29年11月30日	（有）林土建	高知県吾川郡仁淀川町	H29.8.31	労働安全衛生法第21条,労働安全衛生規則第519条	高さ約４メートルの工事中の道路の端に手すり等を設けることなく労働者に作業を行わせたもの	H29.8.31送検	
高知労働局	平成29年11月30日	（株）なかのフォレスト本山事務所	高知県長岡郡本山町	H29.11.14	労働安全衛生法第20条,労働安全衛生規則第151条の89	車両系木材伐出機械を用いて作業を行うにあたり、あらかじめ作業計画を定めていなかったもの	H29.11.14送検	
福岡労働局	平成29年12月31日	祐徳産業	福岡県遠賀郡芦屋町	H29.2.7	労働安全衛生法第100条,労働安全衛生規則第97条	労働者１名の休業災害について、労働者死傷病報告を労働基準監督署長に提出していなかったもの	Ｈ29.2.7送検	
福岡労働局	平成29年12月31日	出水運輸センター（株）福岡営業所	鹿児島県出水市	H29.2.22	労働基準法第32条	トラック運転手に違法な長時間労働を行わせていたもの	Ｈ26.2.22送検	
福岡労働局	平成29年12月31日	（株）大京穴吹建設	香川県高松市	H29.3.10	労働安全衛生法第31条,労働安全衛生規則第653条	屋上防水作業において、高さ14.4ｍの箇所で作業を行わせるに際し、墜落防止措置を講じていなかったもの	Ｈ29.3.10送検	
福岡労働局	平成29年12月31日	山本建創	福岡県福岡市南区	H29.3.10	労働安全衛生法第21条,労働安全衛生規則第519条	屋上防水作業において、高さ14.4ｍの箇所で作業を行わせるに際し、墜落防止措置を講じていなかったもの	Ｈ29.3.10送検	
福岡労働局	平成29年12月31日	嘉賀建設（株）	福岡県小郡市	H29.3.14	労働安全衛生法第21条,労働安全衛生規則第519条	倉庫の屋根の洗浄作業を行っていた被災者が、１階屋根（高さ3.2ｍ）から地上へ墜落したもの	Ｈ29.3.14送検	
福岡労働局	平成29年12月31日	（株）家工房木の匠	福岡県北九州市八幡西区	H29.3.24	労働安全衛生法第21条,労働安全衛生規則第518条	住宅新築工事現場において、高さ5.85ｍの梁上で作業を行わせるに際し、墜落防止措置を講じていなかったもの	Ｈ29.3.24送検	
福岡労働局	平成29年12月31日	ＪＰ工業	福岡県飯塚市	H29.3.27	労働安全衛生法第100条,労働安全衛生規則第97条	労働者１名の休業災害について、労働者死傷病報告を労働基準監督署長に提出していなかったもの	Ｈ29.3.27送検	
福岡労働局	平成29年12月31日	下村コンクリート工業（株）	福岡県北九州市小倉北区	H29.6.14	労働安全衛生法第21条,労働安全衛生規則第519条	高さ2.68ｍの作業床の端で、防網を張り又は安全帯を使用させることなく労働者に作業を行わせたもの	Ｈ29.6.14送検	
福岡労働局	平成29年12月31日	三洋道路（株）	福岡県八女市	H29.9.7	労働安全衛生法第30条,労働安全衛生規則第638条	特定元方事業者として、作業場所における仮設建設物の配置に関する計画を作成しなかったもの	Ｈ29.9.7送検	
福岡労働局	平成29年12月31日	向井工業	福岡県久留米市	H29.9.7	労働安全衛生法第21条,労働安全衛生規則第529条	高さ約12ｍの仮設建設物の組み立て作業において、作業の方法及び順序を従事労働者に周知していなかったもの	Ｈ29.9.7送検	
福岡労働局	平成29年12月31日	ヤマト運輸（株）	東京都中央区	H29.9.20	労働基準法第37条	労働者２名に、１か月間の時間外労働の割増賃金合計約15万円を支払わなかったもの	Ｈ29.9.20送検	
福岡労働局	平成29年12月31日	（有）福山組	福岡県北九州市小倉南区	H29.10.3	労働安全衛生法第20条,労働安全衛生規則第155条	車両系建設機械を使用する作業において、あらかじめ作業計画を定めていなかったもの	Ｈ29.10.3送検	
福岡労働局	平成29年12月31日	正栄電動サービス	福岡県大野城市	H29.10.17	最低賃金法第４条	労働者１名に、５か月間の定期賃金合計約154万円を支払わなかったもの	Ｈ29.10.17送検	
福岡労働局	平成29年12月31日	（株）ビーコネクト	福岡県北九州市八幡西区	H29.10.20	最低賃金法第４条	労働者４名に、２か月間の定期賃金合計約130万円を支払わなかったもの	Ｈ29.10.20送検	
福岡労働局	平成29年12月31日	（株）尾山組	福岡県福岡市西区	H29.11.1	労働安全衛生法第20条,労働安全衛生規則第155条,労働者派遣法第45条	車両系建設機械を使用する作業において、あらかじめ作業計画を定めていなかったもの	Ｈ29.11.1送検	
福岡労働局	平成29年12月31日	新明和工業（株）	兵庫県宝塚市	H29.11.30	労働安全衛生法第21条,労働安全衛生規則第526条,労働者派遣法第45条	高さ27.5ｍの作業場所の昇降に使用する昇降装置に、墜落等の危険を防止するための措置を講じていなかったもの	Ｈ29.11.30送検	
福岡労働局	平成29年12月31日	（株）さかえ屋	福岡県飯塚市	H29.11.30	労働基準法第32条	労働者29名に、36協定の限度時間を超える違法な時間外労働を行わせたもの	Ｈ29.11.30送検	
福岡労働局	平成29年12月31日	（株）日成リフォーム	福岡県福岡市西区	H29.12.1	最低賃金法第４条	労働者２名に、１か月間の定期賃金合計約54万円を支払わなかったもの	Ｈ29.12.1送検	
福岡労働局	平成29年12月31日	牛島工業	福岡県飯塚市	H29.12.8	労働安全衛生法第100条,労働安全衛生規則第97条	休業４日以上の労働災害について、災害発生場所を偽った労働者死傷病報告を提出したもの	Ｈ29.12.8送検	
福岡労働局	平成29年12月31日	（有）三栄運輸機工	福岡県福岡市東区	H29.12.11	労働安全衛生法第100条,労働安全衛生規則第97条	休業４日以上の労働災害について、災害発生場所を偽った労働者死傷病報告を提出したもの	Ｈ29.12.11送検	
佐賀労働局	平成29年12月31日	オフィスＴ＆Ｍ	佐賀県佐賀市	H29.3.1	最低賃金法第４条	労働者１名に、２か月間の定期賃金合計約60万円を支払わなかったもの	H29.3.1送検	
佐賀労働局	平成29年12月31日	（株）奈雅井	佐賀県伊万里市	H29.7.27	労働安全衛生法第20条,クレーン等安全規則第30条	タイヤ式走行クレーンを使用させるにあたり、接触防止措置を講じなかったもの	H29.7.27送検	
佐賀労働局	平成29年12月31日	（株）占部組	福岡県福津市	H29.9.8	労働安全衛生法第20条,労働安全衛生規則第164条	掘削用のドラグ・ショベルを主たる用途以外の用途（物の押し倒し作業）に使用したもの	H29.9.8送検	
佐賀労働局	平成29年12月31日	（株）大生物流	佐賀県伊万里市	H29.10.26	労働基準法第32条	労働者１名に、36協定の延長時間を超える違法な時間外・休日労働を行わせたもの	H29.10.26送検	
佐賀労働局	平成29年12月31日	福正建設	佐賀県西松浦郡有田町	H29.10.27	労働安全衛生法第21条,労働安全衛生規則第563条	高さ3.75ｍの足場において手すり等を設けることなく、労働者に作業を行わせたもの	H29.10.27送検	
佐賀労働局	平成29年12月31日	川内産業（株）	佐賀県伊万里市	H29.10.27	労働安全衛生法第31条,労働安全衛生規則第655条	高さ3.75ｍの足場において手すり等を設けることなく、下請負人の労働者に作業を行わせたもの	H29.10.27送検	
佐賀労働局	平成29年12月31日	（株）協和製作所	佐賀県佐賀市	H29.11.10	労働安全衛生法第100条,労働安全衛生規則第97条	労働災害の発生場所や発生状況を偽った労働者死傷病報告書を提出したもの	H29.11.10送検	
長崎労働局	平成29年12月31日	福岡造船（株）　長崎工場	長崎県長崎市	H29.3.1	労働安全衛生法第30条,労働安全衛生規則第636条	関係請負人間の連絡調整が行われず、滞留していた可燃性ガスに溶接の火花が引火して爆発災害が発生したもの	H29.3.1送検	
長崎労働局	平成29年12月31日	（株）昭大建設	長崎県対馬市	H29.3.15	労働安全衛生法第21条,労働安全衛生規則第524条	幅が30㎝以上の歩み板を設け、防網を張る等の措置を講じずにビニール屋根の上で作業させたもの	H29.3.15送検	
長崎労働局	平成29年12月31日	（株）創栄建設	長崎県壱岐市	H29.3.17	労働安全衛生法第20条,労働安全衛生規則第151条の78	非常の場合に直ちにコンベヤーの運転を停止することができる装置を備えていなかったもの	H29.3.17送検	
長崎労働局	平成29年12月31日	金納建設（株）	長崎県島原市	H29.3.21	労働安全衛生法第31条,労働安全衛生規則第653条	高さが２ｍ以上の箇所で囲い、手すり、覆い等を設けていなかったもの	H29.3.21送検	
長崎労働局	平成29年12月31日	池上板金工業所	長崎県島原市	H29.3.21	労働安全衛生法第21条,労働安全衛生規則第519条,労働者派遣法第45条	高さが２ｍ以上の箇所で囲い、手すり、覆い等を設けていなかったもの	H29.3.21送検	
長崎労働局	平成29年12月31日	（株）大島造船所	長崎県西海市	H29.3.29	労働安全衛生法第21条,労働安全衛生規則第537条	鉄骨の落下による危険回避のため、防網の設備を設け、立入区域を設定する等の措置を講じなかったもの	H29.3.29送検	
長崎労働局	平成29年12月31日	（有）壽工業	長崎県佐世保市	H29.10.18	労働安全衛生法第100条,労働安全衛生規則第97条	２週間の休業を要する労働災害が発生したのに、遅滞なく労働者死傷病報告書を提出しなかったもの	H29.10.18送検	
長崎労働局	平成29年12月31日	アルファ・サンメゾン（株）	長崎県諫早市	H29.11.16	最低賃金法第４条	労働者11名に、１か月間の定期賃金合計約147万円を支払わなかったもの	H29.11.16送検	
長崎労働局	平成29年12月31日	咲き都みとこの会（株）	長崎県西海市	H29.11.17	最低賃金法第４条	労働者４名に、２か月間の定期賃金合計約86万円を支払わなかったもの	H29.11.17送検	
長崎労働局	平成29年12月31日	直基建設	長崎県長崎市	H29.12.4	労働安全衛生法第61条	無資格の労働者にフォークリフトを運転させたもの	H29.12.4送検	
熊本労働局	平成29年12月31日	絆ホーム	熊本県玉名市	H29.2.17	労働安全衛生法第21条,労働安全衛生規則第519条	高さ3.6ｍの住宅の屋根の端に、墜落防止用の手すり等を設けることなく、労働者に作業を行わせたもの	H29.2.17送検	
熊本労働局	平成29年12月31日	（株）下出工業	広島県広島市佐伯区	H29.3.21	労働安全衛生法第14条,労働安全衛生法施行令第６条,石綿障害予防規則第19条	熊本地震の被災家屋の公費解体現場において、石綿作業主任者を選任することなく、解体作業を行わせたもの	H29.3.21送検	
熊本労働局	平成29年12月31日	（株）藤本組	熊本県天草市	H29.8.14	労働安全衛生法第21条,労働安全衛生規則第519条	法面上の高さ16ｍの作業床に、墜落防止用の手すり等を設けることなく、労働者に作業を行わせたもの	H29.8.14送検	
熊本労働局	平成29年12月31日	みとく保育園	熊本県合志市	H29.9.6	最低賃金法第４条	労働者１名に、２か月間の定期賃金合計約18万円を支払わなかったもの	H29.9.6送検	
熊本労働局	平成29年12月31日	（株）堤機工	熊本県八代市	H29.9.15	労働安全衛生法第37条,労働安全衛生法施行令第12条,ボイラー及び圧力容器安全規則第49条	あらかじめ、所轄都道府県労働局長の許可を受けることなく、第一種圧力容器を製造したもの	H29.9.15送検	
熊本労働局	平成29年12月31日	（株）ダイユー	熊本県荒尾市	H29.9.22	労働安全衛生法第21条,労働安全衛生規則第524条	高さ17ｍのスレート屋根上に、踏抜防止用の歩み板等を設置することなく、労働者に作業を行わせたもの	H29.9.22送検	
熊本労働局	平成29年12月31日	（株）上組　八代支店	熊本県八代市	H29.10.4	労働安全衛生法第100条,労働安全衛生規則第97条,労働者派遣法第45条	休業４日以上の休業を要する労働災害が発生したのに、遅滞なく労働者死傷病報告書を提出しなかったもの	H29.10.4送検	
熊本労働局	平成29年12月31日	新高開発	熊本県八代市	H29.10.4	労働安全衛生法第100条,労働安全衛生規則第97条	休業４日以上の休業を要する労働災害が発生したのに、遅滞なく労働者死傷病報告書を提出しなかったもの	H29.10.4送検	
熊本労働局	平成29年12月31日	（有）福岡産業	熊本県八代市	H29.10.4	労働基準法第６条	他社から派遣された労働者を更に別の会社に派遣すること（二重派遣）により、利益を得たもの（中間搾取）	H29.10.4送検	
熊本労働局	平成29年12月31日	松尾造園	熊本県天草市	H29.11.2	労働安全衛生法第21条,労働安全衛生規則第518条	高さ2.6ｍの脚立上で、安全帯を使用させる等の墜落防止措置を講じることなく、労働者に作業を行わせたもの	H29.11.2送検	
熊本労働局	平成29年12月31日	（株）上組　八代支店	熊本県八代市	H29.11.16	労働安全衛生法第59条,労働安全衛生規則第36条	機体重量３トン未満のトラクター・ショベルの運転の業務に、特別教育を実施していない労働者を就かせたもの	H29.11.16送検	
熊本労働局	平成29年12月31日	（株）北栄建設	北海道札幌市手稲区	H29.11.21	労働安全衛生法第20条,労働安全衛生規則第339条	電気工事を行うにあたり、検電器具による停電確認を行うことなく、労働者に作業を行わせたもの	H29.11.21送検	
大分労働局	平成29年11月30日	日照港運（株）	大分県大分市	H29.2.20	労働安全衛生法第20条,労働安全衛生規則第104条	バキューム車荷台のハッチを閉じる作業について、合図を定めず、合図をする者の指名もしていなかったもの	H29.2.20送検	
大分労働局	平成29年11月30日	九築工業（株）	福岡県北九州市八幡東区	H29.2.16	労働安全衛生法第20条,労働安全衛生規則第255条	多量の高熱物を取扱う作業で、高熱物の飛散、流出等による火傷防止のための措置を講じていなかったもの	H29.2.16送検	H29.8.31不起訴
大分労働局	平成29年11月30日	騠正工業（株）	大分県大分市	H29.5.18	労働安全衛生法第20条,労働安全衛生規則第564条	高さ約5.5ｍの橋脚上において、労働者に安全帯を使用させていなかったもの	H29.5.18送検	H28.10.20有罪確定
大分労働局	平成29年11月30日	（有）エコトピア九州	大分県大分市	H29.6.19	労働安全衛生法第21条,労働安全衛生規則第519条	深さ約10ｍのごみピットの端で、労働者に安全帯等を使用させていなかったもの	H29.6.19送検	
大分労働局	平成29年11月30日	柴田建設（株）	大分県大分市	H29.9.20	労働安全衛生法第45条,労働安全衛生規則第168条	車両系建設機械を１か月以上使用せず、再び使用を開始した際に自主検査を実施しなかったもの	Ｈ29.9.20送検	H29.10.25不起訴
大分労働局	平成29年11月30日	悠伸建設（株）	大分県由布市	H29.9.20	労働安全衛生法第20条,労働安全衛生規則第170条	車両系建設機械を、その日の作業を開始する前にブレーキ及びクラッチの機能について点検を行わなかったもの	Ｈ29.9.20送検	H29.10.25不起訴
宮崎労働局	平成29年12月31日	（福）豊の里	宮崎県都城市	H29.3.16	労働基準法第５条	関連法人３事業場と共謀のうえ、外国人留学生の労働者６名の意思に反して、労働を強制させたもの	H29.3.16送検	
宮崎労働局	平成29年12月31日	（有）宮崎県福祉開発センター	宮崎県都城市	H29.3.16	労働基準法第５条	関連法人３事業場と共謀のうえ、外国人留学生の労働者６名の意思に反して、労働を強制させたもの	H29.3.16送検	
宮崎労働局	平成29年12月31日	（医）豊栄会	宮崎県都城市	H29.3.16	労働基準法第５条	関連法人３事業場と共謀のうえ、外国人留学生の労働者６名の意思に反して、労働を強制させたもの	H29.3.16送検	
宮崎労働局	平成29年12月31日	（有）豊栄エンタープライズ	宮崎県都城市	H29.3.16	労働基準法第５条	関連法人３事業場と共謀のうえ、外国人留学生の労働者６名の意思に反して、労働を強制させたもの	H29.3.16送検	
宮崎労働局	平成29年12月31日	（一社）ウッドピア諸塚	宮崎県東臼杵郡諸塚村	H29.5.1	労働安全衛生法第20条,労働安全衛生規則第151条の92	木材伐採現場において、路肩で車両系木材伐出機械を用いて作業を行う際に、誘導者を配置しなかったもの	H29.5.1送検	H29.8.10不起訴
宮崎労働局	平成29年12月31日	（株）日向製錬所	宮崎県日向市	H29.9.4	労働安全衛生法第20条,労働安全衛生規則第107条	投炭設備に係る機械の修理の作業を行う際に、当該機械の運転を停止しなかったもの	H29.9.4送検	H29.10.23不起訴
鹿児島労働局	平成29年11月30日	（株）ツカサ	鹿児島県阿久根市	H29.3.1	労働安全衛生法第21条,労働安全衛生規則第519条	安全帯を使用させることなく、労働者に高さ8.5ｍの法肩で作業を行わせたもの	H29.3.1送検	
鹿児島労働局	平成29年11月30日	（株）拓洋	鹿児島県大島郡宇検村	H29.4.20	労働安全衛生法第59条,労働安全衛生規則第36条	特別教育を実施しない労働者に、動力により駆動される巻上機の運転を行わせたもの	H29.4.20送検	
鹿児島労働局	平成29年11月30日	長組	鹿児島県奄美市	H29.6.16	労働安全衛生法第21条,労働安全衛生規則第539条の７	安全帯を使用させることなく、労働者に高さ約6.3ｍの法面でロープ高所作業を行わせたもの	H29.6.16送検	
鹿児島労働局	平成29年11月30日	（株）ジャカコン西日本	鹿児島県鹿児島市	H29.6.19	労働安全衛生法第21条,労働安全衛生規則第519条	手すり等の墜落防止措置を講じることなく、労働者に高さ約2.66ｍのコンテナ上面で補修作業を行わせたもの	H29.6.19送検	
鹿児島労働局	平成29年11月30日	カマダ開発（株）	鹿児島県鹿児島市	H29.6.19	労働安全衛生法第20条,労働安全衛生規則第151条の103	車両系木材伐出機械を用いて立木の伐倒を行った際、主たる用途以外の用途に使用したもの	H29.6.19送検	
鹿児島労働局	平成29年11月30日	（有）大黒	鹿児島県志布志市	H29.9.6	労働基準法第32条	労働者10名に、36協定の延長時間を超える違法な時間外労働を行わせたもの	H29.9.6送検	
鹿児島労働局	平成29年11月30日	（株）肥後電建	鹿児島県日置市	H29.9.21	労働安全衛生法第61条,労働安全衛生法施行令第20条,労働安全衛生規則第41条	資格を有しない事業者が小型移動式クレーンの運転を行ったもの	H29.9.21送検	
沖縄労働局	平成29年12月31日	仲秀左官工業	沖縄県沖縄市	H29.2.15	労働安全衛生法第100条,労働安全衛生規則第97条	入院約70日を要する労働災害が発生したにもかからわず、遅滞なく労働者死傷病報告書を提出しなかったもの	H29.2.15送検	
沖縄労働局	平成29年12月31日	東洋コンクリート（株）	沖縄県中頭郡西原町	H29.3.23	労働安全衛生法第20条,労働安全衛生規則第164条	掘削用のドラグ・ショベルを主たる用途以外の用途に使用させていたもの	H29.3.23送検	
沖縄労働局	平成29年12月31日	ミヤギ産業（株）　空港前給油所	沖縄県石垣市	H29.3.28	労働基準法第32条	労働者７名に、36協定の延長時間を超える違法な時間外労働を行わせたもの	H29.3.28送検	
沖縄労働局	平成29年12月31日	前塗興業	沖縄県那覇市	H29.6.7	労働安全衛生法第21条,労働安全衛生規則第519条	高さ約５ｍの足場上で作業を行わせていたのに足場と建物の間の開口部に墜落防止措置を行っていなかったもの	H29.６.7送検	
沖縄労働局	平成29年12月31日	（株）安木屋	沖縄県那覇市	H29.8.24	労働基準法第32条,労働基準法第37条	36協定の締結・届出を行うことなく、違法な時間外労働を行わせ、労働者12 名に対して、割増賃金約600万円を支払わなかったもの。	H29.8.24送検	
沖縄労働局	平成29年12月31日	中頭コンクリートブロック（株）	沖縄県沖縄市	H29.10.12	最低賃金法第４条	労働者１名に４か月間の定期賃金合計約41万円を支払わなかったもの	H29.10.12送検	
沖縄労働局	平成29年12月31日	タチバナ工業（株）	香川県高松市	H29.11.15	労働安全衛生法第100条,労働安全衛生規則第97条	休業28日以上を要する労働災害が発生したにもかかわらず、遅滞なく労働者死傷病報告書を提出しなかったもの	H29.11.15送検	
沖縄労働局	平成29年12月31日	安功清掃	沖縄県沖縄市	H29.12.15	労働安全衛生法第20条,労働安全衛生規則第151条の73	貨物自動車の荷台のあおりを閉じることなく労働者を乗車させていたもの	H29.12.15送検	
