管轄	最終更新日	企業・事業場名称	所在地	公表日	違反法条	事案概要	その他参考事項
北海道労働局	平成30年８月31日	野田工業（株）	北海道札幌市中央区	H29.9.13	労働安全衛生法第21条,労働安全衛生規則第518条	高さ5.2ｍの橋桁の上で、作業床を設けることなく労働者に補修作業を行わせたもの	H29.9.13送検
北海道労働局	平成30年８月31日	（株）丸ヨ吉住商店	北海道雨竜郡沼田町	H29.9.25	労働安全衛生法第21条,労働安全衛生規則第519条	高さ6.6ｍの屋根上で、安全帯を使用させることなく労働者にせっぴを落とす作業を行わせたもの	H29.9.25送検
北海道労働局	平成30年８月31日	（有）伯昭商事	北海道北斗市	H29.10.19	労働安全衛生法第20条,労働安全衛生規則第151条の７	フォークリフトに接触するおそれがある箇所に労働者を立ち入らせたもの	H29.10.19送検
北海道労働局	平成30年８月31日	（株）杉本運輸	北海道小樽市	H29.10.24	労働安全衛生法第20条,クレーン等安全規則第75条の２	作業を指揮する者を選任することなく労働者に移動式クレーンのジブの解体作業を行わせたもの	H29.10.24送検
北海道労働局	平成30年８月31日	（株）フジネット	北海道札幌市中央区	H29.12.4	労働安全衛生法第20条,労働安全衛生規則第151条の74,労働者派遣法第45条	最大積載量が11.9トンの貨物自動車に荷を積み込む作業において、労働者に保護帽を着用させなかったもの	H29.12.4送検
北海道労働局	平成30年８月31日	（株）オカザキ	北海道伊達市	H29.12.12	労働安全衛生法第100条,労働安全衛生規則第97条	４日以上の休業を要する労働災害が発生したのに、遅滞なく労働者死傷病報告を提出しなかったもの	H29.12.12送検
北海道労働局	平成30年８月31日	（株）西原環境	東京都港区	H29.12.21	労働安全衛生法第31条,労働安全衛生規則第653条	高さ13.8ｍの開口部に手すり等を設けることなく労働者に作業を行わせたもの	H29.12.21送検
北海道労働局	平成30年８月31日	（株）レイズクリエート	北海道札幌市豊平区	H29.12.21	労働安全衛生法第21条,労働安全衛生規則第519条	高さ13.8ｍの開口部に手すり等を設けることなく労働者に作業を行わせたもの	H29.12.21送検
北海道労働局	平成30年８月31日	（株）緑廣	北海道札幌市北区	H30.1.9	労働安全衛生法第100条,労働安全衛生規則第97条	労働災害の発生状況を偽った労働者死傷病報告を提出したもの	H30.1.9送検
北海道労働局	平成30年８月31日	（株）エフシーエス	北海道川上郡標茶町	H30.1.19	労働安全衛生法第20条,労働安全衛生規則第158条	トラクター・ショベルに接触するおそれがある箇所に労働者を立ち入らせたもの	H30.1.19送検
北海道労働局	平成30年８月31日	北海運輸（株）	北海道釧路市	H30.2.19	労働安全衛生法第20条,労働安全衛生規則第151条の６	フォークリフトの転落による労働者の危険を防止するために必要な措置を講じていなかったもの	H30.2.19送検
北海道労働局	平成30年８月31日	北成仮設	北海道札幌市北区	H30.3.19	労働安全衛生法第100条,労働安全衛生規則第97条	４日以上の休業を要する労働災害が発生したのに、遅滞なく労働者死傷病報告を提出しなかったもの	H30.3.19送検
北海道労働局	平成30年８月31日	（有）ニックス	北海道札幌市白石区	H30.6.8	労働安全衛生法第30条,労働安全衛生規則第636条	元請と下請の労働者の作業が同一の場所で行われる際に、労働災害防止のための連絡調整を行わなかったもの	H30.6.8送検
北海道労働局	平成30年８月31日	（有）騠昭牧場	北海道浦河郡浦河町	H30.7.2	労働安全衛生法第21条,労働安全衛生規則第519条	高さ2.9ｍの厩舎２階で、安全帯を使用させることなく労働者に牧草ロールを落とす作業を行わせたもの	H30.7.2送検
北海道労働局	平成30年８月31日	西建	北海道帯広市	H30.7.18	労働安全衛生法第21条,労働安全衛生規則第526条	高さ7.2ｍの足場上で、安全な昇降設備を設置することなく労働者に足場組立作業を行わせたもの	H30.7.18送検
北海道労働局	平成30年８月31日	（有）久末製材所	北海道檜山郡上ノ国町	H30.7.25	労働安全衛生法第100条,労働安全衛生規則第97条	４日以上の休業を要する労働災害が発生したのに、遅滞なく労働者死傷病報告を提出しなかったもの	H30.7.25送検
北海道労働局	平成30年８月31日	（株）葛西塗装	北海道厚岸郡浜中町	H30.8.1	労働安全衛生法第20条,労働安全衛生規則第563条	高さ3.9ｍの足場の床材の転位防止等の措置を講ずることなく、労働者に作業を行わせたもの	H30.8.1送検
北海道労働局	平成30年８月31日	菱和黒島工業	北海道札幌市北区	H30.8.10	労働安全衛生法第100条,労働安全衛生規則第97条	４日以上の休業を要する労働災害が発生したのに、遅滞なく労働者死傷病報告を提出しなかったもの	H30.8.10送検
北海道労働局	平成30年８月31日	（株）橋本建設	北海道函館市	H30.8.10	労働安全衛生法第100条,労働安全衛生規則第97条,労働者派遣法第45条	４日以上の休業を要する労働災害が発生したのに、遅滞なく労働者死傷病報告を提出しなかったもの	H30.8.10送検
北海道労働局	平成30年８月31日	（株）ゼフォール	大阪府茨木市	H30.8.10	労働安全衛生法第120条	臨検監督を行った労働基準監督官の質問に対して、虚偽の陳述を行ったもの	H30.8.10送検
青森労働局	平成30年６月30日	皐月電子工業	青森県十和田市	H29.11.2	労働基準法第24条,最低賃金法第４条	労働者３名に、５か月分の定期賃金合計約77万円を支払わなかったもの	H29.11.2送検
青森労働局	平成30年６月30日	盛岡ベース（株）	岩手県盛岡市	H29.11.2	労働安全衛生法第31条,労働安全衛生規則第653条	高さ約３ｍの作業床の端に手すり等を設けることなく、下請負人の労働者に作業を行わせたもの	H29.11.2送検
青森労働局	平成30年６月30日	都南建装	岩手県盛岡市	H29.11.2	労働安全衛生法第21条,労働安全衛生規則第519条	高さ約３ｍの作業床の端に手すり等を設けることなく、労働者に作業を行わせたもの	H29.11.2送検
青森労働局	平成30年６月30日	成邦商事（株）	青森県青森市	H30.2.8	労働基準法第32条	外国人技能実習生を含む労働者31名に、有効な36協定なく違法な時間外労働を行わせたもの	H30.2.8送検
青森労働局	平成30年６月30日	（株）大地不動産	青森県八戸市	H30.3.1	最低賃金法第４条	労働者１名に、３か月分の定期賃金合計60万円を支払わなかったもの	H30.3.1送検
青森労働局	平成30年６月30日	地盤工事（株）	青森県青森市	H30.5.7	労働安全衛生法第100条,労働安全衛生規則第97条	労働災害の発生状況を偽った労働者死傷病報告を提出したもの	H30.5.7送検
青森労働局	平成30年６月30日	（有）ク・トー　六戸作業所	青森県上北郡おいらせ町	H30.5.8	労働安全衛生法第61条,労働安全衛生法施行令第20条	無資格であるのにドラグショベルを運転したもの	H30.5.8送検
青森労働局	平成30年６月30日	北相産業（有）	青森県東津軽郡今別町	H30.6.6	労働安全衛生法第20条,労働安全衛生規則第164条	ドラグショベルを主たる用途以外の用途（荷の吊り上げ）に使用したもの	H30.6.6送検
岩手労働局	平成30年８月31日	横山工業（株）	岐阜県可児市	H29.9.8	労働安全衛生法第100条,労働安全衛生規則第97条	72日間の休業を要する労働災害が発生したのに、遅滞なく労働者死傷病報告を提出しなかったもの	H29.9.8送検,H30.1.26有罪確定
岩手労働局	平成30年８月31日	（有）盛南輸送	岩手県紫波郡矢巾町	H29.10.17	労働安全衛生法第21条,労働安全衛生規則第151条の70	重量100㎏以上の荷を貨物自動車に積み込む作業において作業指揮者を定めていなかったもの	H29.10.17送検,H30.1.10有罪確定
岩手労働局	平成30年８月31日	（株）ｄｏｏｒｓ	岩手県盛岡市	H30.1.19	労働安全衛生法第30条,労働安全衛生規則第636条	高さ２ｍ以上で墜落防止措置が必要な作業において、関係請負人との連絡調整を行わなかったもの	H30.1.19送検
岩手労働局	平成30年８月31日	勝彦建築	岩手県滝沢市	H30.1.19	労働安全衛生法第21条,労働安全衛生規則第518条	高さ２ｍ以上で作業床を設けることが困難な作業において、墜落による危険防止措置を講じていなかったもの	H30.1.19送検
岩手労働局	平成30年８月31日	海成潜水土木（有）	岩手県大船渡市	H30.2.9	労働安全衛生法第61条,労働安全衛生施行令第20条	機体重量３ｔ以上のドラグ・ショベルの運転業務に無資格者を就労させたもの	H30.2.9送検,H30.5.23有罪確定
岩手労働局	平成30年８月31日	東北フローズン（株）	岩手県一関市	H30.3.1	労働基準法第32条	労働者４名に、36協定の締結・届出なく、違法な時間外労働を行わせたもの	H30.3.1送検,H30.8.14有罪確定
岩手労働局	平成30年８月31日	東北ビルド（株）	岩手県一関市	H30.3.9	労働安全衛生法第100条,労働安全衛生規則第96条	移動式クレーンの転倒事故が発生したにも拘らず、事故報告書を提出しなかったもの	H30.3.9送検,H30.7.21有罪確定
岩手労働局	平成30年８月31日	（株）宮城運輸	宮城県名取市	H30.6.13	労働基準法第32条	労働者７名に、36協定の延長時間を超える違法な時間外労働を行わせたもの	H30.6.13送検
岩手労働局	平成30年８月31日	（株）ヤマウチ	岩手県宮古市	H30.7.9	労働安全衛生法第61条,労働安全衛生施行令第20条	つり上げ荷重１トン以上の移動式クレーンの玉掛業務に無資格者を就労させたもの	H30.7.9送検
岩手労働局	平成30年８月31日	（有）岩手ハツリ工業	岩手県盛岡市	H30.7.10	労働安全衛生法第22条,石綿障害予防規則第６条	ビル解体工事において、吹き付けられた石綿を除去する作業場所を隔離せずに解体作業を行ったもの	H30.7.10送検
岩手労働局	平成30年８月31日	（株）志田産業	岩手県大船渡市	H30.7.19	労働安全衛生法第20条,労働安全衛生規則第151条の３	フォークリフトを用いて作業を行うにあたり、あらかじめ作業計画を定めなかったもの	H30.7.19送検
宮城労働局	平成30年８月31日	（有）永根実業建設	宮城県大崎市	H29.10.20	労働安全衛生法第22条,石綿障害予防規則第３条	石綿の有無を事前調査することなく、建築物の解体作業を行わせたもの	H29.10.20送検
宮城労働局	平成30年８月31日	星野技研	栃木県宇都宮市	H30.3.9	労働安全衛生法第21条,労働安全衛生規則第518条	車庫建設工事現場において、高さ約3.2ｍの箇所で作業床を設けることなく、作業を行わせたもの	H30.3.9送検
宮城労働局	平成30年８月31日	福島基礎工業（株）	福島県福島市	H30.3.23	労働安全衛生法第20条,労働安全衛生規則第192条	くい打機について、巻上げ用ワイヤロープの取付状態に異常がないことを確認しないまま、使用させたもの	H30.3.23送検
秋田労働局	平成30年８月31日	（有）加藤四郎商店	秋田県秋田市	H30.3.9	労働安全衛生法第59条,労働安全衛生規則第36条	クレーンの運転の業務に、特別教育を実施していない労働者を就かせたもの	H30.3.9送検
秋田労働局	平成30年８月31日	（株）ＳＡＴＯＢＡＮ	秋田県秋田市	H30.3.19	労働安全衛生法第21条,労働安全衛生規則第519条	労働者に高さ約６ｍの２階屋根上で、安全帯を使用させることなく屋根の葺き替え作業を行わせたもの	H30.3.19送検
秋田労働局	平成30年８月31日	（株）大辰建設	秋田県秋田市	H30.8.8	労働安全衛生法第21条,労働安全衛生規則第518条	労働者に高さ約５ｍの軒桁の上で、安全帯を使用させることなく部材を取り外す作業を行わせたもの	H30.8.8送検
山形労働局	平成30年６月30日	三洋建設	山形県酒田市	H29.11.17	労働安全衛生法第21条,労働安全衛生規則第519条	高さ3.2ｍの床に開口部を作る作業に際し、安全帯を使用させる等の措置を講じなかったもの	H29.11.17送検
山形労働局	平成30年６月30日	廣野板金加工所	山形県新庄市	H30.3.23	労働安全衛生法第21条,労働安全衛生規則第519条	高さ約2.7ｍの屋根の上でトタン板の葺き替え作業を行わせるに際し、屋根に手すり等を設けていなかったもの	H30.3.23送検
山形労働局	平成30年６月30日	（株）鈴木組	山形県最上郡大蔵村	H30.3.23	労働安全衛生法第20条,労働安全衛生規則第104条	ロータリ除雪車の除雪装置の運転を、一定の合図を定めず、また、合図する者を示さず再開させたもの。	H30.3.23送検
福島労働局	平成30年８月31日	（有）雲藤工建	福島県いわき市	H29.9.12	労働安全衛生法第100条,労働安全衛生規則第97条	休業４日以上の労働災害が発生したのに、遅滞なく労働者死傷病報告書を提出しなかったもの	H29.9.12送検
福島労働局	平成30年８月31日	（有）南会建設	福島県会津若松市	H29.10.2	労働安全衛生法第21条,労働安全衛生規則第519条	高さ2.8ｍの屋根上に手すり等を設けることなく、労働者に作業を行わせたもの	H29.10.2送検
福島労働局	平成30年８月31日	（株）原町中央青果市場	福島県南相馬市	H29.10.18	労働安全衛生法第21条,労働安全衛生規則第524条	高さ６ｍのスレート屋根上に、踏み抜きによる墜落防止措置を講じることなく、労働者に作業を行わせたもの	H29.10.18送検
福島労働局	平成30年８月31日	山木工業（株）	福島県いわき市	H30.1.10	労働安全衛生法第20条,労働安全衛生規則第158条	ドラグ・ショベルと接触するおそれがある箇所に、誘導者を配置せず労働者を立ち入らせたもの	H30.1.10送検
福島労働局	平成30年８月31日	（株）アミゼ	福島県田村郡小野町	H30.2.14	労働安全衛生法第20条,労働安全衛生規則第164条	ドラグ・ショベルを主たる用途以外の用途（伐木作業）に使用したもの	H30.2.14送検
福島労働局	平成30年８月31日	松岡建設（株）	福島県南相馬市	H30.3.20	労働安全衛生法第100条,労働安全衛生規則第97条	休業４日以上の労働災害が発生したのに、遅滞なく労働者死傷病報告書を提出しなかったもの	H30.3.20送検
茨城労働局	平成30年８月31日	黎明環境美化	茨城県土浦市	H29.9.20	労働安全衛生法第21条,労働安全衛生規則第518条	高さ5.9ｍのはしごの上で、安全帯を使用させることなく労働者に作業を行わせたもの	H29.9.20送検,H30.1.5有罪確定
茨城労働局	平成30年８月31日	（株）味多加フード	茨城県水戸市	H30.1.5	労働基準法第32条	労働者４名に、36協定の延長時間を超える違法な時間外労働を行わせたもの	H30.1.5送検,H30.2.22有罪確定
茨城労働局	平成30年８月31日	岡プレス工業	茨城県常総市	H30.3.1	労働安全衛生法第20条,労働安全衛生規則第131条	プレス機械を用いて労働者に作業を行わせる際に身体の一部が危険限界に入らないような措置を講じなかったこと	H30.3.1 送検
茨城労働局	平成30年８月31日	（株）飯島管工	茨城県つくばみらい市	H30.3.15	労働安全衛生法第61条,労働安全衛生法施行令第20条,クレーン等安全規則第68条	無資格の労働者に移動式クレーンを運転させたもの	H30.3.15 送検,H30.5.18有罪確定
茨城労働局	平成30年８月31日	（株）きど印刷所	茨城県水戸市	H30.6.12	最低賃金法第４条	労働者６名に、２か月間の定期賃金合計約225万円を支払わなかったもの	H30.6.12 送検
茨城労働局	平成30年８月31日	美穂運輸（株）　筑西営業所	茨城県筑西市	H30.7.6	労働基準法第32条	労働者３名に、36協定の延長時間を超える違法な時間外労働を行わせたもの	H30.7.6 送検
茨城労働局	平成30年８月31日	Ｌ＆Ｍ	茨城県下妻市	H30.7.18	労働基準法第101条	労働者基準監督官が臨検した際に、虚偽の賃金台帳及びタイムカードを提出したもの	H30.7.18 送検
茨城労働局	平成30年８月31日	ステータス合同会社	茨城県取手市	H30.8.2	最低賃金法第４条	労働者１名に、２か月間の定期賃金合計約15万円を支払わなかったもの	H30.8.2 送検
茨城労働局	平成30年８月31日	（株）日田建設工業	茨城県守谷市	H30.8.2	労働安全衛生法第22条,労働安全衛生規則第578条	自然換気が不十分な場所で、内燃機関を有する機械を使用したもの	H30.8.2 送検
茨城労働局	平成30年８月31日	松田建築解体	茨城県結城郡八千代町	H30.8.15	労働安全衛生法第21条,労働安全衛生規則第519条	高さ２ｍ以上の作業床の端で、墜落防止措置をとることなく労働者に作業を行わせたもの	H30.8.15 送検
栃木労働局	平成30年８月31日	（株）満天フード	栃木県宇都宮市	H29.12.11	労働基準法第32条	労働者１名に、36協定の締結・届出を行うことなく、違法な時間外労働を行わせたもの	H29.12.11送検
栃木労働局	平成30年８月31日	（株）エスケー・コンポスト	栃木県那須塩原市	H30.1.11	労働安全衛生法第20条,労働安全衛生規則第151条の６	ダンプトラックによる作業を行わせるに当たり、誘導者を配置して、ダンプトラックを誘導させていなかったもの	H30.1.11送検
栃木労働局	平成30年８月31日	（株）小幡工務店	栃木県真岡市	H30.1.26	労働基準法第32条	労働者１名に、36協定の締結・届出を行うことなく、違法な時間外・休日労働を行わせたもの	H30.1.26送検
栃木労働局	平成30年８月31日	（株）ペニーレイン	栃木県那須郡那須町	H30.2.7	労働基準法第32条	労働者12名に、36協定の延長時間を超える違法な時間外・休日労働を行わせたもの	H30.2.7送検
栃木労働局	平成30年８月31日	笠原産業（株）	栃木県足利市	H30.2.20	労働安全衛生法第20条,労働安全衛生規則第107条	機械の運転を停止させることなく、労働者に当該機械の掃除の作業を行わせたもの	H30.2.20送検
栃木労働局	平成30年８月31日	（株）ユーエヌオーホームランド	栃木県那須郡那須町	H30.2.20	労働安全衛生法第21条,労働安全衛生規則第533条	焼却穴への転落防止の措置を講じることなく、労働者に落ち葉の投入作業を行わせたもの	H30.2.20送検
栃木労働局	平成30年８月31日	（株）栃木日化サービス	栃木県宇都宮市	H30.7.4	労働安全衛生法第20条,労働安全衛生規則第349条	送電線に絶縁用防護具を装着すること等なく、労働者に当該送電線に近接した場所で作業を行わせたもの	H30.7.4送検
群馬労働局	平成30年８月31日	（株）飯塚組	群馬県北群馬郡吉岡町	H30.3.23	労働安全衛生法第22条,労働安全衛生規則第578条	自然換気が不十分な利根川横断暗渠で、換気をすることなく内燃機関を有する高圧洗浄機を使用したもの	H30.3.23送検
群馬労働局	平成30年８月31日	（株）森井運輸倉庫	群馬県伊勢崎市	H30.3.27	労働安全衛生法第26条,労働安全衛生規則第151条の11	貨物自動車の運転位置から離れるにあたり、逸走を防止するための措置を講じなかったもの	H30.3.27送検
群馬労働局	平成30年８月31日	（株）新進	東京都千代田区	H30.3.28	労働安全衛生法第20条,労働安全衛生規則第130条の５	派遣労働者に食品加工用混合機を使用させるにあたり、蓋、囲い等を設けていなかったもの	H30.3.28送検
群馬労働局	平成30年８月31日	（株）セイエイ	埼玉県比企郡嵐山町	H30.7.4	労働安全衛生法第21条,労働安全衛生規則第524条	高さ4.25ｍの屋根上で、踏み抜きによる墜落防止措置を講じることなく、労働者に作業をさせたこと	H30.7.4送検
群馬労働局	平成30年８月31日	（株）トッパンパッケージプロダクツ	群馬県邑楽郡明和町	H30.7.18	労働安全衛生法第100条,労働安全衛生規則第97条	４日以上の休業を要する労働災害が発生したのに、遅滞なく労働者死傷病報告を提出しなかったもの	H30.7.18送検
埼玉労働局	平成30年８月31日	（株）山栄運輸　戸田営業所	埼玉県戸田市	H29.9.1	労働安全衛生法第20条,労働安全衛生規則第151条の14	労働者にフォークリフトを主たる用途以外の用途に使用をさせたもの	H29.9.1送検
埼玉労働局	平成30年８月31日	ＤＯＷＡハイテック（株）	埼玉県本庄市	H30.1.30	労働安全衛生法第22条,特定化学物質障害予防規則第20 条	化学物質の漏えいを防止するための措置を定めた作業規程により労働者に作業を行わせなかったもの	H30.1.30送検,H30.6.26不起訴
埼玉労働局	平成30年８月31日	Ｍ．Ｙ．Ａ	東京都八王子市	H30.2.6	労働安全衛生法第21条,労働安全衛生規則第518条	高さ約24ｍの箇所で、作業床を設けることなく労働者に作業を行わせたもの	H30.2.6送検
埼玉労働局	平成30年８月31日	（株）竹鼻運送	埼玉県川口市	H30.2.8	労働安全衛生法第20条,労働安全衛生規則第151条の14	労働者にフォークリフトを主たる用途以外の用途に使用をさせたもの	H30.2.8送検
埼玉労働局	平成30年８月31日	（株）エス・ケー・ツー	東京都中野区	H30.4.20	労働基準法第37条	労働者に対し、時間外労働に係る割増賃金を支払わなかったもの	H30.4.20送検
埼玉労働局	平成30年８月31日	（有）羽山興業	千葉県千葉市中央区	H30.6.5	労働安全衛生法第61条,労働安全衛生法施行令第20条	フォークリフトを無資格で運転したもの	H30.6.5送検
千葉労働局	平成30年７月31日	Ａ・Ｇ’Ｓ‐ＢＵＩＬＤ（株）	東京都葛飾区	H29.9.7	労働安全衛生法第21条,労働安全衛生規則第519条	高さ3.06ｍの玄関上ひさしの端に手すり等を設けることなく労働者に作業を行わせたもの	H29.9.7送検
千葉労働局	平成30年７月31日	（株）ワールドラップ	千葉県船橋市	H29.9.7	労働安全衛生法第20条,労働安全衛生規則第151条の7	フォークリフトを使用して荷卸し作業を行わせるに当たり、走行進路内に労働者を立ち入らせたもの	H29.9.7送検
千葉労働局	平成30年７月31日	（株）ケイエムメンテック	千葉県木更津市	H29.10.19	労働安全衛生法第100条,労働安全衛生規則第97条	４日以上の休業を要する労働災害が発生したが、虚偽の労働者死傷病報告書を提出したもの	H29.10.19送検
千葉労働局	平成30年７月31日	関東西部運輸（株）　本社	千葉県野田市	H29.11.15	労働基準法第32条	労働者４名に、36協定の延長時間を超えて違法な時間外・休日労働を行わせていたもの	H29.11.15送検
千葉労働局	平成30年７月31日	（株）大石建設	千葉県八街市	H30.3.14	労働安全衛生法第100条,労働安全衛生規則第97条	４日以上の休業を要する労働災害が発生したのに、遅滞なく労働者死傷病報告書を提出していなかったもの	H30.3.14送検
千葉労働局	平成30年７月31日	（株）明正建設	千葉県成田市	H30.3.14	労働安全衛生法第21条,労働安全衛生規則第534条	地山の崩壊による危険があるのに土止め支保工を設置することなく労働者を掘削溝に立ち入らせたもの	H30.3.14送検
千葉労働局	平成30年７月31日	（株）北部市場運送	千葉県船橋市	H30.3.20	労働基準法第32条	労働者13名に、有効な36協定の締結なく違法な時間外労働を行わせていたもの	H30.3.20送検
千葉労働局	平成30年７月31日	（有）光和工業	千葉県千葉市稲毛区	H30.3.20	労働安全衛生法第20条,労働安全衛生規則第111条	ボール盤の回転する刃物に作業中の労働者の手が巻き込まれるおそれがあるのに手袋を使用させていたもの	H30.3.20送検
千葉労働局	平成30年７月31日	（株）白石建設	千葉県市川市	H30.6.15	最低賃金法第４条	労働者２名に、10か月間の定期賃金合計約650万円を支払わなかったもの	H30.6.15送検
千葉労働局	平成30年７月31日	（有）ケーアイコーポレーション	千葉県木更津市	H30.7.13	労働安全衛生法第100条,労働安全衛生規則第97条	４日以上の休業を要する労働災害が発生したが、虚偽の労働者死傷病報告書を提出したもの	H30.7.13送検
千葉労働局	平成30年７月31日	（株）協立工業	千葉県君津市	H30.7.13	労働安全衛生法第100条,労働安全衛生規則第97条	４日以上の休業を要する労働災害が発生したのに、遅滞なく労働者死傷病報告書を提出していなかったもの	H30.7.13送検
東京労働局	平成30年８月31日	（株）ホーミング	東京都八王子市	H29.9.7	労働安全衛生法第21条,労働安全衛生規則第518条	高さ約６ｍの梁上で、安全帯を使用させることなく労働者に作業を行わせたもの	H29.9.7送検
東京労働局	平成30年８月31日	ライチ（株）	東京都八王子市	H29.9.22	労働安全衛生法第31条,労働安全衛生規則第655条	請負人の労働者に、架空電路との接触を防止するための措置を講じていない足場を使用させたもの	H29.9.22送検
東京労働局	平成30年８月31日	（株）ＫＥＣ	東京都大田区	H29.9.27	労働安全衛生法第100条,労働安全衛生規則第97条	休業259日の労働災害が発生したが、関係請負人３名が共謀し遅滞なく労働者死傷病報告書を提出しなかったもの	H29.9.27送検
東京労働局	平成30年８月31日	（株）中川船舶	東京都中央区	H29.11.21	労働安全衛生法第20条,労働安全衛生規則第101条	ウインチの回転する歯車部分に覆い、囲い等を設けることなく労働者に作業を行わせたもの	H29.11.21送検
東京労働局	平成30年８月31日	（株）たまふく	神奈川県相模原市中央区	H29.12.7	労働安全衛生法第20条,労働安全衛生規則第158条	車両系建設機械（解体用つかみ機）を用いて作業を行わせるに当たり、接触防止措置を講じなかったもの	H29.12.7送検
東京労働局	平成30年８月31日	（有）トノミクリーンサービス	東京都足立区	H30.1.15	労働安全衛生法第21条,労働安全衛生規則第524条	ガラス板葺きの屋根上で、踏み抜きによる危険を防止するための措置を講じることなく作業を行わせたもの	H30.1.15送検
東京労働局	平成30年８月31日	（株）Ｂ−ＬＩＮＥ	神奈川県横浜市磯子区	H30.1.16	労働安全衛生法第20条,労働安全衛生規則第567条	足場における作業を開始する前に、点検を行わなかったもの	H30.1.16送検
東京労働局	平成30年８月31日	（株）藤正	神奈川県川崎市宮前区	H30.1.19	労働安全衛生法第21条,労働安全衛生規則第519条	高さ約６ｍの屋根上で、安全帯を使用させる等の墜落防止措置を講じることなく労働者に作業を行わせたもの	H30.1.19送検
東京労働局	平成30年８月31日	（株）美研インターナショナル	東京都港区	H30.4.20	最低賃金法第４条	労働者３名に、２か月間の定期賃金合計約50万円を支払わなかったもの	H30.4.20送検
東京労働局	平成30年８月31日	（株）森工業	東京都葛飾区	H30.5.8	労働安全衛生法第20条,労働安全衛生規則第370条	組立図により土止め支保工を組み立てなかったもの	H30.5.8送検
東京労働局	平成30年８月31日	（株）大林組	東京都港区	H30.6.27	労働安全衛生法第30条,労働安全衛生規則第639条	クレーンでのつり上げ作業を行うに当たり、統一的な合図を定めなかったもの	H30.6.27送検
東京労働局	平成30年８月31日	（株）田沢重量	東京都渋谷区	H30.6.27	労働安全衛生法第37条,労働安全衛生法施行令第12条	クレーンを製造するに当たり、東京労働局長の許可を受けなかったもの	H30.6.27送検
東京労働局	平成30年８月31日	（株）一新技建	東京都あきる野市	H30.7.3	労働安全衛生法第20条,労働安全衛生規則第158条	車両系建設機械（解体用つかみ機）を用いて作業を行わせるに当たり、接触防止措置を講じなかったもの	H30.7.3送検
東京労働局	平成30年８月31日	（株）イーエスピー	東京都羽村市	H30.7.20	労働基準法第32条	労働者８名に、36協定の延長時間を超える違法な時間外労働を行わせたもの	H30.7.20送検,H30.8.3起訴
東京労働局	平成30年８月31日	（株）不二興建	埼玉県八潮市	H30.8.10	労働安全衛生法第100条,労働安全衛生規則第97条	休業約２か月の労働災害が発生したが、遅滞なく労働者死傷病報告書を提出しなかったもの	H30.8.10送検
東京労働局	平成30年８月31日	宿利工務店（株）	埼玉県さいたま市桜区	H30.8.17	労働安全衛生法第100条,労働安全衛生規則第97条	休業約３か月の労働災害が発生したが、関係請負人３名が共謀し遅滞なく労働者死傷病報告書を提出しなかったもの	H30.8.17送検
神奈川労働局	平成30年８月31日	共和工業（株）	千葉県市川市	H29.9.20	労働安全衛生法第100条,労働安全衛生規則第97条	４日以上の休業災害を発生させたにもかかわらず、労働者死傷病報告を遅滞なく提出しなかったもの	H29.9.20送検
神奈川労働局	平成30年８月31日	（学）桐蔭学園	神奈川県横浜市青葉区	H29.11.1	労働安全衛生第21条,労働安全衛生規則第519条	高さ２ｍ以上の開口部付近で、墜落防止措置をとることなく労働者に作業を行わせたもの	H29.11.1送検,H29.12.25不起訴
神奈川労働局	平成30年８月31日	（株）共明製作所	神奈川県相模原市南区	H29.11.16	労働基準法第24条	労働者１名に、２か月分の定期賃金の一部約13万円を支払わなかったもの	H29.11.16送検
神奈川労働局	平成30年８月31日	ＹＴ　ＳＵＰＰＯＲＴ（同）	神奈川県横須賀市	H29.12.6	労働安全衛生法第22条,労働安全衛生規則第578条,労働者派遣法第45条	自然換気が不十分な場所で、内燃機関を有する機械を使用したもの	H29.12.6送検
神奈川労働局	平成30年８月31日	（株）ピックルスコーポレーション	埼玉県所沢市	H30.3.9	労働安全衛生法第20条,労働安全衛生規則第130条の５	食品加工用攪拌機の可動部分に蓋、囲い等を設けることなく労働者に作業を行わせたもの	H30.3.9送検
神奈川労働局	平成30年８月31日	（株）フーズシステム	神奈川県横浜市磯子区	H30.3.19	労働安全衛生法第14条,労働安全衛生法施行令第６条,特定化学物質障害予防規則第27 条	殺菌用の薬品の混合作業において、特定化学物質作業主任者を選任しなかったもの	H30.3.19送検
神奈川労働局	平成30年８月31日	（株）尹英建築	東京都世田谷区	H30.6.4	労働安全衛生法第20条,クレーン等安全規則第220条	玉掛作業の開始前に玉掛用具の異常の有無について点検を行わなかったもの	H30.6.4送検
神奈川労働局	平成30年８月31日	（株）ＱｕａｎｔｕｍＥｎｅｒｇｙ Ｉｎｓｔｉｔｕｔｅ	神奈川県高座郡寒川町	H30.6.25	最低賃金法第４条	労働者３名に、１か月分の定期賃金合計約136万円を支払わなかったもの	H30.6.25送検
神奈川労働局	平成30年８月31日	シーライズ	神奈川県横浜市戸塚区	H30.7.23	労働安全衛生法第21条,労働安全衛生規則第518条	高さ約４ｍの移動はしごの上で墜落防止措置を講じないで労働者に作業を行わせたもの	H30.7.23送検
神奈川労働局	平成30年８月31日	（有）片倉板金工業	神奈川県厚木市	H30.8.2	労働安全衛生法第21条,労働安全衛生規則第524条	高さ約４ｍのスレート屋根の上で踏み抜きによる危険防止措置を講じないで労働者に作業を行わせたもの	H30.8.2送検
神奈川労働局	平成30年８月31日	（株）翔建	神奈川県茅ヶ崎市	H30.8.23	最低賃金法第４条	労働者１名に，２か月分の定期賃金合計約77万円を支払わなかったもの	H30.8.23送検
神奈川労働局	平成30年８月31日	東京濾器（株）	神奈川県横浜市都筑区	H30.8.24	労働安全衛生法第22条,粉じん障害防止規則第27条	アーク溶接作業に従事させる労働者に有効な呼吸用保護具を使用させていなかったもの	H30.8.24送検
新潟労働局	平成30年８月31日	（株）浜田材木店	新潟県妙高市	H30.3.16	労働安全衛生法第21条,労働安全衛生規則第519条	住宅新築工事において、高さ2.8メートルの3階床上での建方作業に際し、墜落防止措置を講じていなかったもの	H30.3.16送検
新潟労働局	平成30年８月31日	目黒建築	新潟県魚沼市	H30.3.20	労働安全衛生法第20条,クレーン等安全規則第74条の２	移動式クレーンで、固定していない状態の単管を吊り上げ、移動させる際、吊荷の下に労働者を立ち入らせたもの	H30.3.20送検
新潟労働局	平成30年８月31日	（株）マルソー・トランスポート	新潟県三条市	H30.4.17	労働安全衛生法第100条,労働安全衛生規則第97条	４日以上の休業を要する労働災害について、遅滞なく労働者死傷病報告書を提出しなかったもの	H30.4.17送検
新潟労働局	平成30年８月31日	（株）会津丸三	福島県会津若松市	H30.5.10	労働安全衛生法第21条,労働安全衛生規則第537条	解体物を階下に下ろす作業場所の付近に、物体落下による危険の防止措置なく労働者を立ち入らせたもの	H30.5.10送検
新潟労働局	平成30年８月31日	（株）小林組	新潟県長岡市	H30.5.17	労働安全衛生法第30条,労働安全衛生規則第638条の3	河川工事において、主要機械、設備及び作業用の仮設建築物の配置に関する計画を作成していなかったもの	H30.5.17送検
新潟労働局	平成30年８月31日	（株）ユアーズホーム	新潟県長岡市	H30.5.17	最低賃金法第４条	労働者７名に、１か月間の定期賃金合計約276万円を支払わなかったもの	H30.5.17送検
新潟労働局	平成30年８月31日	（株）長谷川組基礎工事	新潟県新潟市東区	H30.6.7	労働安全衛生法第21条,労働安全衛生規則第537条	杭抜機で吊り上げた、土石が付着する杭の付近に、土石落下による危険の防止措置なく労働者を立ち入らせたもの	H30.6.7送検
新潟労働局	平成30年８月31日	丸一新潟青果（株）	新潟県新潟市江南区	H30.6.18	労働安全衛生法第20条,労働安全衛生規則第151条の13	市場内において、構内運搬車を用いて青果物等の運搬を行うに際し、乗車席以外の箇所に労働者を乗せていたもの	H30.6.18送検
新潟労働局	平成30年８月31日	（株）北越エンジニアリング	新潟県新潟市東区	H30.7.6	労働安全衛生法第30条,労働安全衛生規則第636条	送水管復旧工事において、車両との接触防止など、複数の下請業者の作業間の連絡・調整を行っていなかったもの	H30.7.6送検
新潟労働局	平成30年８月31日	センコーエーラインアマノ（株）	新潟県新潟市南区	H30.7.18	労働安全衛生法第100条,労働安全衛生規則第97条	４日以上の休業を要する２件の労働災害について、遅滞なく労働者死傷病報告書を提出しなかったもの	H30.7.18送検
新潟労働局	平成30年８月31日	（株）アッドワン	新潟県新潟市東区	H30.8.9	最低賃金法第４条	労働者64名に、１か月間の定期賃金合計約915万円を支払わなかったもの	H30.8.9送検
富山労働局	平成30年８月31日	沢田造園	富山県富山市	H29.11.1	労働安全衛生法第100条,労働安全衛生規則第97条	４日以上の休業を要する労働災害が発生したのに、遅滞なく労働者死傷病報告を提出しなかったもの	H29.11.1送検
富山労働局	平成30年８月31日	（有）ワークス	富山県富山市	H30.6.8	最低賃金法第４条	労働者３名に、１か月間の定期賃金合計約５万円を支払わなかったもの	H30.6.8送検
富山労働局	平成30年８月31日	（株）サンリッツ　富山工場	富山県中新川郡上市町	H30.6.12	労働安全衛生法第20条,労働安全衛生規則第101条	ロール機の回転軸に接触するおそれがあるにもかかわらず、危険を防止するための措置を講じなかったもの	H30.6.12送検
富山労働局	平成30年８月31日	（有）ヒロワ工房	富山県中新川郡立山町	H30.6.25	労働安全衛生法第20条,労働安全衛生規則第158条	ドラグ・ショベルに接触するおそれがある箇所に労働者を立ち入らせたもの	H30.6.25送検
富山労働局	平成30年８月31日	伍都和建設（株）	富山県富山市	H30.7.11	労働安全衛生法第20条,労働安全衛生規則第155条	ブル・ドーザーの作業計画を定めることなく労働者に作業を行わせたもの	H30.7.11送検
石川労働局	平成30年８月31日	（株）美採	石川県加賀市	H29.10.10	労働安全衛生法第20条,労働安全衛生規則第151条の92	車両系木材伐出機械の転落による危険を防止するための措置を講じていなかったもの	H29.10.10送検
石川労働局	平成30年８月31日	日ノ丸窯業（株）　能登工場	石川県七尾市	H29.11.1	労働安全衛生法第20条,労働安全衛生規則第101条	ベルトコンベヤーのモータープーリー部分に覆い等を設けていなかったもの	H29.11.1送検
石川労働局	平成30年８月31日	守田工業（株）	石川県羽咋郡宝達志水町	H30.2.1	労働安全衛生法第100条,労働安全衛生規則第97条	休業４日以上の労働災害が発生したにもかかわらず、遅滞なく労働者死傷病報告書を提出しなかったもの	H30.2.1送検
石川労働局	平成30年８月31日	（一社）日亜国際友好協会	福井県福井市	H30.3.9	労働基準法第６条	外国人インターン生10名に対する賃金の一部を搾取する等により合計254万円の利益を得たもの	H30.3.9送検
石川労働局	平成30年８月31日	（株）金城工業	大阪府大阪市港区	H30.6.13	労働安全衛生法第21条,労働安全衛生規則第537条	鉄筋組立作業において、鉄筋の落下による危険を防止するための必要な措置を講じていなかったもの	H30.6.13送検
石川労働局	平成30年８月31日	（株）斉藤輸送	石川県七尾市	H30.7.18	労働安全衛生法第20条,クレーン等安全規則第66条の２	移動式クレーンを用いた積込み作業において、作業の方法等をあらかじめ定めていなかったもの	H30.7.18送検
石川労働局	平成30年８月31日	山崎建設（株）	石川県小松市	H30.8.20	労働安全衛生法第31条,労働安全衛生規則第653条	高さ約５ｍの作業床の端に手すり等を設けることなく、下請の労働者に鉄骨組立作業を行わせたもの	H30.8.20送検
福井労働局	平成30年７月31日	北陸電気工事（株）	富山県富山市	H29.11.8	労働安全衛生法第20条,労働安全衛生規則第350条	電柱の高圧の充電電路の作業を行う際、感電による危険防止措置を取らなかったもの	H29.11.8送検,H30.7.23不起訴
福井労働局	平成30年７月31日	（一社）日亜国際友好協会	福井県福井市	H30.3.9	労働基準法第６条	外国人インターン生２名に対する賃金の一部を搾取する等により合計42万円の利益を得たもの	H30.3.9送検
福井労働局	平成30年７月31日	（特非）奥越すまいる	福井県大野市	H30.3.13	最低賃金法第４条,労働基準法第37条	労働者３名に、22か月間の定期賃金と時間外労働の割増賃金合計約460万円を支払わなかったもの	H30.3.13送検
福井労働局	平成30年７月31日	九頭竜森林組合	福井県大野市	H30.3.13	労働安全衛生法第20条,労働安全衛生規則第107条	コンベヤー上の荷の詰まりを取り除く際、機械の運転を停止させなかったもの	H30.3.13送検
福井労働局	平成30年７月31日	北陸明治運輸（株）	福井県福井市	H30.3.15	労働基準法第32条	労働者33名に、36協定の延長時間を超える違法な時間外労働を行わせたもの	H30.3.15送検
福井労働局	平成30年７月31日	（有）竹田縫製	福井県福井市	H30.4.18	最低賃金法第４条	外国人技能実習生６名に、１か月間の定期賃金合計約98万円を支払わなかったもの	H30.4.18送検
福井労働局	平成30年７月31日	（株）タニコーテック	福井県大野市	H30.4.20	労働基準法第32条	労働者21名に、36協定の延長時間を超える違法な時間外労働を行わせたもの	H30.4.20送検
山梨労働局	平成30年８月31日	クラフト工業（株）	神奈川県川崎市川崎区	H29.10.5	労働安全衛生法第21条,労働安全衛生規則第537条	焼却炉の耐熱材を解体する工事において、当該耐熱材の落下による危険を防止する措置を講じていなかったもの	H29.10.5送検
山梨労働局	平成30年８月31日	（株）ミラプロ	山梨県北杜市	H29.10.18	労働基準法第32条	労働者６名に対し、36協定の締結・届出を行うことなく、違法な時間外労働を行わせ、又、36協定を届出た後も、協定した延長時間を超える、違法な時間外労働を行わせたもの	H29.10.18送検
山梨労働局	平成30年８月31日	（株）セイフコ	静岡県浜松市中区	H29.12.1	労働安全衛生法第20条,労働安全衛生規則第151条の78	ベルトコンベヤーに、非常停止装置を備え付けることなく、労働者に作業を行わせたもの	H29.12.1送検
山梨労働局	平成30年８月31日	（株）ピアリング	山梨県甲府市	H30.3.5	労働基準法第120条	臨検監督を行った労働基準監督官の尋問に対して、虚偽の陳述を行ったもの	H30.3.5送検
山梨労働局	平成30年８月31日	（有）斉藤圧送	山梨県甲府市	H30.3.12	労働安全衛生法第45条,労働安全衛生法施行令第15条	コンクリートポンプ車について、１年以内ごとに１回、定期に、特定自主検査を行っていなかったもの	H30.3.12送検
山梨労働局	平成30年８月31日	（株）天鳥	山梨県韮崎市	H30.3.23	労働基準法第32条	労働者３名に対し、36協定で協定した延長時間を超える、違法な時間外労働を行わせ、また、当該36協定の有効期限後に、新たな36協定を結ぶことなく、違法な時間外労働を行わせたもの	H30.3.22送検
山梨労働局	平成30年８月31日	（有）甲府第一運送	山梨県中央市	H30.4.6	労働安全衛生法第61条,労働安全衛生法施行令第20条	無資格の労働者に、最大荷重2.8トンのフォークリフトを運転させたもの	H30.4.6送検
山梨労働局	平成30年８月31日	光洋化学（株）	東京都渋谷区	H30.7.19	労働安全衛生法第20条,労働安全衛生法施行規則第151条の11	フォークリフトのフォークを最低降下位置に置かずに、運転者を運転席から離れさせたもの	H30.7.19送検
長野労働局	平成30年８月31日	（有）エヌ・ケー・ビー	長野県諏訪市	H29.9.14	労働安全衛生法第20条,労働安全衛生規則第158条	ドラグ・ショベルと接触するおそれのある箇所に、労働者を立ち入らせていたもの	H29.9.14送検
長野労働局	平成30年８月31日	（株）吉澤総業	長野県松本市	H29.10.12	労働安全衛生法第14条,労働安全衛生法施行令第６条,労働安全衛生規則第360条	高さ２ｍ以上の地山の掘削の作業を行わせるにあたり、作業を直接指揮していなかったもの	H29.10.12送検
長野労働局	平成30年８月31日	（株）ヤツレン	長野県南佐久郡南牧村	H29.12.7	労働基準法第104条の２	労働基準監督官から報告を求められた際に、虚偽の賃金台帳を添付した報告書を提出したもの	H29.12.7送検
長野労働局	平成30年８月31日	（有）ますだ製作所	長野県小県郡青木村	H29.12.8	労働安全衛生法第20条,労働安全衛生規則第131条	プレス機械を用いて労働者に作業を行わせる際に身体の一部が危険限界に入らないような措置を講じなかったこと	H29.12.8送検
長野労働局	平成30年８月31日	（有）小山商会	長野県飯山市	H30.1.10	労働安全衛生法第21条,労働安全衛生規則第519条	高さ約7.6ｍの屋根の端で安全帯を使用させる等の墜落防止措置を講じることなく労働者に作業を行わせたもの	H30.1.10送検
長野労働局	平成30年８月31日	大和電機工業（株）　諏訪事業所	長野県諏訪市	H30.1.17	労働安全衛生法第20条,労働安全衛生規則第101条	揺動装置の回転軸に覆い等を設けることなく労働者に作業を行わせたもの	H30.1.17送検
長野労働局	平成30年８月31日	信濃ブロック（有）	長野県飯田市	H30.1.18	労働安全衛生法第20条,労働安全衛生規則第151条の３	フォークリフトを用いて作業を行わせるにあたり、あらかじめ作業計画を定めなかったもの	H30.1.18送検
長野労働局	平成30年８月31日	（株）石川製作所	長野県佐久市	H30.1.25	労働安全衛生法第21条,労働安全衛生規則第524条	屋根張替作業において、歩み板を設ける等踏み抜きによる労働者の危険を防止していなかったもの	H30.1.25送検
長野労働局	平成30年８月31日	（有）高山精機	長野県飯田市	H30.2.1	労働安全衛生法第100条,労働安全衛生規則第97条	労働災害の発生状況を偽った労働者死傷病報告を提出したもの	H30.2.1送検
長野労働局	平成30年８月31日	みすず精工（株）　信州工場	長野県小諸市	H30.2.13	労働基準法第104条の２	労働基準監督官から報告を求められた際に、労働時間を過少に偽った報告書を提出したもの	H30.2.13送検
長野労働局	平成30年８月31日	（株）マスヤマ	埼玉県上尾市	H30.3.5	労働安全衛生法第22条,有機溶剤中毒予防規則第５条	タンク内においてトルエンを含有した有機溶剤等を使用させるにあたり、局所排気装置等を設けていなかったこと	H30.3.5送検
長野労働局	平成30年８月31日	（株）塩沢産業	長野県北佐久郡立科町	H30.3.9	労働安全衛生法第20条,労働安全衛生規則第107条	機械の掃除の作業を労働者に行わせるに際し、当該機械の運転を停止させなかったもの	H30.3.9送検
長野労働局	平成30年８月31日	（株）ニシサン　坂城工場	長野県埴科郡坂城町	H30.3.22	労働安全衛生法第100条,労働安全衛生規則第97条	休業４日以上の労働災害が発生したのに、遅滞なく労働者死傷病報告を提出しなかったもの	H30.3.22送検
長野労働局	平成30年８月31日	三洋グラビア（株）　本社・ウイングファクトリー	長野県伊那市	H30.4.16	労働安全衛生法第21条,労働安全衛生規則第519条	高さ５ｍの天井裏の作業箇所に手すり等を設けることなく労働者に作業を行わせたもの	H30.4.16送検
長野労働局	平成30年８月31日	（株）ヤマウラ	長野県駒ヶ根市	H30.4.17	労働安全衛生法第31条,労働安全衛生規則第653条	高さ約7.7ｍの工場の屋根上において、開口部に覆い等を設けることなく請負人の労働者に作業を行わせたもの	H30.4.17送検
長野労働局	平成30年８月31日	駒ヶ根ダイカスト工業（株）	長野県駒ヶ根市	H30.4.18	労働安全衛生法第14条,労働安全衛生法施行令第６条,労働安全衛生規則第134条	プレス機械の安全装置に異常があったのに、プレス作業主任者に必要な措置を講じさせなかったもの	H30.4.18送検
長野労働局	平成30年８月31日	（株）ワールド重機開発	長野県上田市	H30.4.26	労働安全衛生法第100条,労働安全衛生規則第97条	休業４日以上の労働災害が発生したのに、遅滞なく労働者死傷病報告を提出しなかったもの	H30.4.26送検
長野労働局	平成30年８月31日	（株）ＦＯＲＮＯ	長野県小諸市	H30.6.25	最低賃金法第４条	労働者６名に、約６か月間の定期賃金合計約100万円を支払わなかったもの	H30.6.25送検
長野労働局	平成30年８月31日	（株）守谷商会	長野県小諸市	H30.6.25	労働安全衛生法第30条,労働安全衛生規則第638条の４	移動式クレーンの作業に関し特定元方事業者が作成する計画に適合するよう関係請負人の指導を行わなかったもの	H30.6.25送検
岐阜労働局	平成30年８月31日	徳田工業（株）　可児工場	岐阜県可児市	H29.9.14	労働基準法第32条	労働者11名に、36協定の延長時間を超える違法な時間外労働を行わせたもの	H29.9.14送検
岐阜労働局	平成30年８月31日	（株）仙石	岐阜県各務原市	H29.10.5	労働安全衛生法第22条,粉じん障害防止規則第27条,労働者派遣法第45条	屋内で金属製品のバリ取り作業を行わせる労働者に、有効な呼吸用保護具を使用させなかったもの	H29.10.5送検
岐阜労働局	平成30年８月31日	ＩＭＳテクノ（株）	岐阜県安八郡神戸町	H29.11.9	労働安全衛生法第20条,労働安全衛生規則第107条	ロール機に、覆い等を設けることなく労働者に清掃作業を行わせたもの	H29.11.9送検
岐阜労働局	平成30年８月31日	（株）トゥ・ステップ	岐阜県大垣市	H29.11.20	労働基準法第32条	労働者１名に、36協定の締結・届出を行うことなく、違法な時間外・休日労働を行わせたもの	H29.11.20送検
岐阜労働局	平成30年８月31日	（株）古川工務店	岐阜県揖斐郡揖斐町	H30.1.18	労働安全衛生法第21条,労働安全衛生規則第524条	高さ13ｍのスレート屋根上に歩み板等を設けることなく、労働者に作業を行わせたもの	H30.1.18送検
岐阜労働局	平成30年８月31日	（株）板津商店	岐阜県多治見市	H30.1.29	労働安全衛生法第20条,労働安全衛生規則第563条	高さ6.8ｍの足場に手すり等を設けることなく、労働者に作業を行わせたもの	H30.1.29送検
岐阜労働局	平成30年８月31日	東海プラントサービス（株）	岐阜県可児郡御嵩町	H30.1.29	労働安全衛生法第31条,労働安全衛生規則第655条	高さ6.8ｍの足場に手すり等を設けることなく、下請負人の労働者に使用させたもの	H30.1.29送検
岐阜労働局	平成30年８月31日	岩田建工	岐阜県羽島市	H30.3.12	労働安全衛生法第20条,労働安全衛生規則第151条の14	フォークリフトを、主たる用途以外の用途に使用したもの	H30.3.12送検
岐阜労働局	平成30年８月31日	和田重機土木	岐阜県郡上市	H30.3.16	労働安全衛生法第100条,労働安全衛生規則第97条	休業４日以上の労働災害が発生したのに、遅滞なく労働者死傷病報告を提出しなかったもの	H30.3.16送検
岐阜労働局	平成30年８月31日	クレイシ工業（株）　本社工場	岐阜県美濃加茂市	H30.4.17	労働安全衛生法第20条,クレーン等安全規則第25条	合図者を指名せずに複数の労働者でクレーン作業を行わせたもの	H30.4.17送検
岐阜労働局	平成30年８月31日	坂口縫製	岐阜県岐阜市	H30.6.8	労働基準法第32条,労働基準法第37条	技能実習生９名に対し、36協定の締結・届出を行うことなく違法な時間外労働を行わせ、また、割増賃金を支払わなかったもの	H30.6.8送検,H30.7.11不起訴
岐阜労働局	平成30年８月31日	見須縫製（株）	岐阜県羽島市	H30.6.19	労働基準法第32条,労働基準法第101条	技能実習生７名に対し、有効な36協定の締結・届出なく違法な時間外労働・休日労働を行わせ、また、労働基準監督機関に虚偽の報告を行ったもの	H30.6.19送検
岐阜労働局	平成30年８月31日	（有）ＮＩＳＳＩＮ	岐阜県本巣市	H30.7.20	労働安全衛生法第21条,労働安全衛生規則第519条	高さ2.9ｍの作業床に墜落防止措置を講じることなく、労働者に作業を行わせたもの	H30.7.20送検
岐阜労働局	平成30年８月31日	Ａｌｌ　ｆｏｒ　ＯｎｅＰＲＯＦＥＳＳＩＯＮＡＬＧＲＯＵＰ	岐阜県岐阜市	H30.8.9	最低賃金法第４条	労働者１名に、２か月間の定期賃金合計約18万円を支払わなかったもの	H30.8.1送検
岐阜労働局	平成30年８月31日	（株）ゴゾ	岐阜県岐阜市	H30.8.9	最低賃金法第４条	労働者１名に、２か月間の定期賃金合計約15万円を支払わずなかったもの	H30.8.8送検
静岡労働局	平成30年８月31日	ニッピコラーゲン工業（株）　富士宮工場	静岡県富士宮市	H29.10.20	労働安全衛生法第20条,労働安全衛生規則第130条の5	労働者に食品加工用粉砕機を使用させるにあたり、蓋、囲い等を設けていなかったもの	H29.10.20送検
静岡労働局	平成30年８月31日	（有）鈴秀建設	静岡県沼津市	H29.11.1	労働安全衛生法第20条,労働安全衛生規則第158条	運転中のドラグ・ショベルに接触する危険があったのに、誘導者を配置せず、労働者を立ち入らせたもの	H29.11.1送検
静岡労働局	平成30年８月31日	富島運輸（株）　沼津物流センター	静岡県沼津市	H30.2.14	労働安全衛生法第20条,労働安全衛生規則第151条,3	フォークリフトを用いて作業を行わせるにあたり、あらかじめ作業計画を定めなかったもの	H30.2.14送検
静岡労働局	平成30年８月31日	清建築板金工業所	静岡県富士宮市	H30.2.15	労働安全衛生法第21条,労働安全衛生規則第519条	高さ6.5ｍの作業床で、安全帯を使用させることなく労働者に作業を行わせたもの	H30.2.15送検
静岡労働局	平成30年８月31日	東和開発（株）	静岡県伊東市	H30.5.16	労働安全衛生法第61条,労働安全衛生法施行令第20条,労働安全衛生規則第41条	無資格の労働者にフォークリフトを運転させたもの	H30.5.16送検
静岡労働局	平成30年８月31日	大川食品工業（株）	静岡県沼津市	H30.6.20	労働安全衛生法第20条,労働安全衛生法施行令第13条,労働安全衛生規則第27条	労働者に構造規格に定める安全装置を具備しないエレベーターを使用させたもの	H30.6.20送検
静岡労働局	平成30年８月31日	加々見園	静岡県三島市	H30.8.14	労働安全衛生法第21条,労働安全衛生規則第524条	スレート屋根補修作業を行わせるにあたり、幅30ｃｍ以上の歩み板を設けていなかったもの	H30.8.14送検
愛知労働局	平成30年８月31日	（株）麦島建設	愛知県名古屋市昭和区	H29.9.5	労働安全衛生法第31条,労働安全衛規則第653条	高さ約1.8ｍの場所で請負人の労働者に作業させる際に安全に昇降するための設備等を設けていなかったもの	H29.9.5送検
愛知労働局	平成30年８月31日	（株）ナイガイ	愛知県一宮市	H29.9.19	労働基準法第37条	外国人技能実習生４名に対し、１か月間の時間外労働の割増賃金合計約30万円を支払わなかったもの	H29.9.19送検
愛知労働局	平成30年８月31日	（株）エフベーカリーコーポレーション	愛知県春日井市	H29.9.22	労働安全衛生法第20条,労働安全衛生規則第150条の４	産業用ロボットを運転する場合に接触することによる危険を防止するために必要な措置を講じなかったもの	H29.9.22送検
愛知労働局	平成30年８月31日	（株）平田工業	愛知県名古屋市港区	H29.10.4	労働安全衛生法第59条,労働安全衛生規則第36条	足場の組立て作業に係る業務において、当該業務に関する特別教育を実施していない労働者を就かせたもの	H29.10.4送検
愛知労働局	平成30年８月31日	（株）フィット・プラス	愛知県岡崎市	H29.10.5	労働安全衛生法第21条,労働安全衛生規則第524条	スレート屋根上の作業において、踏み抜きによる危険防止の措置を講じていなかったもの	H29.10.5送検
愛知労働局	平成30年８月31日	（有）丸義組	愛知県名古屋市緑区	H30.1.12	労働安全衛生法第100条,労働安全衛生規則第97条	約50日間の休業を要する労働災害について、虚偽の内容を記載した労働者死傷病報告を提出したもの	H30.1.12送検
愛知労働局	平成30年８月31日	（株）竹屋	愛知県春日井市	H30.1.18	労働基準法第37条	労働者１名に対し、４か月間の時間外手当の一部合計約８万円を支払わなかったもの	H30.1.18送検
愛知労働局	平成30年８月31日	（株）西条,土木	愛知県春日井市	H30.1.22	労働安全衛生法第61条,労働安全衛生法施行令第20条,クレーン等安全規則第68条	無資格の労働者に移動式クレーンを運転させたもの	H30.1.22送検
愛知労働局	平成30年８月31日	（株）シンワ　あま金岩工場	愛知県あま市	H30.2.22	労働基準法第32条	労働者１名に対し、36協定の延長時間を超える違法な時間外労働を行わせたもの	H30.2.22送検
愛知労働局	平成30年８月31日	（有）中川流通加工	愛知県名古屋市中川区	H30.2.23	最低賃金法第４条	外国人技能実習生を含む労働者15名に対し、４か月間の定期賃金合計約400 万円を支払わなかったもの	H30.2.23送検
愛知労働局	平成30年８月31日	（株）江戸久	愛知県名古屋市千種区	H30.3.1	最低賃金法第４条	労働者２名に対し、３か月間の定期賃金合計約40万円を支払わなかったもの	H30.3.1送検
愛知労働局	平成30年８月31日	（株）ポラリス・コーポレーション	愛知県稲沢市	H30.3.6	最低賃金法第４条	障害者を含む労働者10名に対し、１か月間の定期賃金合計約85万円を支払わなかったもの	H30.3.6送検
愛知労働局	平成30年８月31日	東海協和（株）　流通センター	愛知県海部郡飛島村	H30.3.7	労働安全衛生法第20条,労働安全衛生規則第151条の７	フォークリフトとの接触することを防止するための措置を講じていなかったもの	H30.3.7送検
愛知労働局	平成30年８月31日	（株）ドラゴンコンセプトジャパン	愛知県名古屋市中区	H30.3.22	最低賃金法第４条	労働者２名に対し、３か月間の定期賃金合計約85万円を支払わなかったもの	H30.3.22送検
愛知労働局	平成30年８月31日	（有）井上プレス	愛知県一宮市	H30.4.24	最低賃金法第４条	労働者１名に対し、２か月間の定期賃金を支払わなかったもの	H30.4.24送検
愛知労働局	平成30年８月31日	琴祥	愛知県一宮市	H30.4.24	最低賃金法第４条	労働者２名に対し、２か月間の定期賃金を支払わなかったもの	H30.4.24送検
愛知労働局	平成30年８月31日	ココペリーナプラゼタン	愛知県一宮市	H30.4.24	最低賃金法第４条	外国人技能実習生を含む労働者４名に対し、２か月間の定期賃金を支払わなかったもの	H30.4.24送検
愛知労働局	平成30年８月31日	王子製紙（株）　春日井工場	愛知県春日井市	H30.4.25	労働安全衛生法第22条,特定化学物質障害予防規則第22 条	特定化学物質を貯蔵する設備の作業において、労働者に保護衣、呼吸用保護具等を着用させなかったもの。	H30.4.25送検
愛知労働局	平成30年８月31日	（株）岩田組	愛知県名古屋市中川区	H30.5.24	最低賃金法第４条	労働者１名に対し、１か月間の定期賃金合計約100万円を支払わなかったもの	H30.5.24送検
愛知労働局	平成30年８月31日	丸伊製作所	愛知県名古屋市中川区	H30.5.24	最低賃金法第４条	労働者８名に対し、１か月間の定期賃金合計約180万円を支払わなかったもの	H30.5.24送検
愛知労働局	平成30年８月31日	（株）シキミ　大府工場	愛知県大府市	H30.6.20	労働安全衛生法第14条,労働安全衛生法施行令第６条,労働安全衛生規則第428条	高さ3.3ｍのはい作業を行わせるにあたり、はい作業主任者を選任していなかったもの	H30.6.20送検
愛知労働局	平成30年８月31日	（株）アイムプランナー	愛知県名古屋市北区	H30.7.12	最低賃金法第４条	労働者１名に対し、１か月間の定期賃金合計約30万円を支払わなかったもの	H30.7.12送検
愛知労働局	平成30年８月31日	（株）Ｗｅｌｆａｒｅすずらん	愛知県一宮市	H30.7.18	最低賃金法第４条	労働者１名に対し、１か月間の定期賃金合計約９万円を支払わなかったもの	H30.7.18送検
愛知労働局	平成30年８月31日	新栄電気（株）	愛知県清須市	H30.7.25	労働安全衛生法第20条,労働安全衛生規則第342条	キュービクル取替工事において、充電電路に絶縁用防具を装着するなどの感電防止措置を講じなかったもの	H30.7.25送検
愛知労働局	平成30年８月31日	（同）プレクラスニー	愛知県名古屋市中区	H30.8.9	最低賃金法第４条	労働者18名に対し、２か月間の定期賃金合計約850万円を支払わなかったもの	H30.8.9送検
愛知労働局	平成30年８月31日	三河材流通加工事業協同組合	愛知県新城市	H30.8.17	労働安全衛生法第61条,労働安全衛生法施行令第20条,労働安全衛生規則第41条	無資格の労働者にフォークリフトを運転させたもの	H30.8.17送検
三重労働局	平成30年６月30日	（株）ブルーフィン三重	三重県度会郡南伊勢町	H29.9.22	労働安全衛生法第20条,労働安全衛生規則第151条の６	フォークリフトの転落による労働者の危険を防止するため必要な措置を講じなかったもの	H29.9.22送検
三重労働局	平成30年６月30日	まねきや硝子（株）　伊賀工場	三重県伊賀市	H30.1.25	労働基準法第32条	労働者９名に、36協定の延長時間を超える違法な時間外労働を行わせたもの	H30.1.25送検
三重労働局	平成30年６月30日	（一社）里山再生事業	大阪府岸和田市	H30.2.8	労働安全衛生法第21条,労働安全衛生規則第479条	伐倒について一定の合図を定めることなく、労働者に伐木の作業を行なわせたもの	H30.2.8送検
三重労働局	平成30年６月30日	中央庭園土木（株）	三重県鳥羽市	H30.2.13	労働安全衛生法第20条,労働安全衛生規則第151条の11,労働者派遣法第45条	ダンプトラックの運転位置から離れるときに、エンジンを止める等の逸走防止措置を講じさせなかったもの	H30.2.13送検
三重労働局	平成30年６月30日	大紀森林組合	三重県度会郡大紀町	H30.2.20	労働安全衛生法第100条,労働安全衛生規則第97条	２件の休業４日以上の労働災害について、労働者死傷病報告書を提出しなかったもの	H30.2.20送検
三重労働局	平成30年６月30日	（有）三重板金工業	三重県度会郡度会町	H30.3.6	労働安全衛生法第21条,労働安全衛生規則第518条	高さ約５ｍの梁の上で作業を行わせるに際し、墜落防止措置を講じなかったもの	H30.3.6送検
三重労働局	平成30年６月30日	野地木材工業（株）	三重県熊野市	H30.6.13	労働安全衛生法第21条,労働安全衛生規則第524条	高さ約５ｍのスレート屋根の上で作業を行わせるに際し、踏み抜きによる危険を防止する措置を講じなかったもの	H30.6.13送検
滋賀労働局	平成30年８月31日	関西ティーイーケィ（株）	滋賀県大津市	H29.11.28	労働安全衛生法第31条,労働安全衛生規則第653条	請負人の労働者に高さ約11ｍの作業床を使用させるに際し、開口部に墜落防止措置を設けていなかったもの	H29.11.28送検
滋賀労働局	平成30年８月31日	（有）久栄建設	大阪府大阪市大正区	H29.12.7	労働安全衛生法第100条,労働安全衛生規則第97条	休業４日以上の労働災害が発生したにもかかわらず、労働者死傷病報告を提出しなかったもの	H29.12.7送検
滋賀労働局	平成30年８月31日	カセイ化学（株）	大阪府高槻市	H30.3.9	労働安全衛生法第59条,労働安全衛生規則第36条	フォークリフトの運転の業務に必要な教育を行っていなかったもの	H30.3.9送検
滋賀労働局	平成30年８月31日	（株）ビーバーレコード串春　近江八幡店	滋賀県近江八幡市	H30.5.24	労働基準法第32条	労働者１名に、36協定の延長時間を超える違法な時間外労働を行わせたもの	H30.5.24送検
滋賀労働局	平成30年８月31日	（株）金陽社　滋賀工場	滋賀県野洲市	H30.8.13	労働安全衛生法第20条,労働安全衛生規則第107条	労働者が機械の刃部の掃除を行う際、機械の運転を停止させていなかったもの	H30.8.13送検
京都労働局	平成30年８月31日	（有）丸幸運輸	京都府亀岡市	H29.11.16	労働基準法第32条	労働者１名に、36協定の締結・届出を行うことなく、違法な時間外労働を行わせたもの	H29.11.16送検
京都労働局	平成30年８月31日	有山忠詞	大阪府東大阪市	H29.12.15	労働安全衛生法第61条,労働安全衛生法施行令第20条	無資格であるのにドラグ・ショベルを運転したもの	H29.12.15送検
京都労働局	平成30年８月31日	（株）材源	京都府京都市上京区	H30.1.10	労働安全衛生法第21条,労働安全衛生規則第518条,労働者派遣法第45条	高さ約10ｍの箇所で作業床を設けることなく、労働者に仮設素屋根のシート取付作業を行わせたもの	H30.1.10送検
京都労働局	平成30年８月31日	青晃地所リアルエステート（株）	京都府京都市中京区	H30.7.24	最低賃金法第４条	労働者1名に、１年４か月間の定期賃金合計約197万円を支払わなかったもの	H30.7.24送検
大阪労働局	平成30年８月31日	渡辺電気工業（株）	大阪府高槻市	H29.9.12	労働安全衛生法第100条,労働安全衛生規則第97条	休業４日以上の休業を要する労働災害が発生したのに、遅滞なく労働者死傷病報告を報告しなかったもの	H29.9.12送検
大阪労働局	平成30年８月31日	山本鉄器工業（株）	大阪府大阪市生野区	H29.9.14	労働安全衛生法第20条,労働安全衛生規則第131条	プレス機械に有効な安全装置を使用させる等の措置を講じなかったもの	H29.9.14送検
大阪労働局	平成30年８月31日	龍美建装	大阪府豊中市	H29.9.26	労働安全衛生法第21条,労働安全衛生規則第519条	高さ約６ｍの屋根の上で、安全帯を使用させることなく労働者に作業を行わせたもの	H29.9.26送検
大阪労働局	平成30年８月31日	谷畑産業（株）	大阪府池田市	H29.12.18	労働安全衛生法第20条,労働安全衛生規則第107条	ベルトコンベヤーの運転を停止させることなく、労働者に清掃作業を行わせたもの	H29.12.18送検
大阪労働局	平成30年８月31日	（有）加納運送	和歌山県和歌山市	H29.12.26	労働安全衛生法第20条,労働安全衛生規則第151条の74	保護帽を着用させることなく、労働者に貨物自動車の荷台に荷積み作業を行わせたもの	H29.12.26送検
大阪労働局	平成30年８月31日	カラオケスナックピース	大阪府東大阪市	H29.12.27	最低賃金法第４条,労働基準法第37条	労働者１名に、２か月間の定期賃金約  12万円及び深夜労働の割増賃金約３万円を支払わなかったもの	H29.12.27送検
大阪労働局	平成30年８月31日	トキハマエキスプレス（株）	大阪府岸和田市	H30.1.30	労働基準法第32条	労働者１名に、36協定の延長時間を超える違法な時間外労働を行わせたもの	H30.1.30送検
大阪労働局	平成30年８月31日	ＧＥＥＤ	大阪府和泉市	H30.2.8	最低賃金法第４条	労働者３名に、最大２か月間の定期賃金合計約70万円を支払わなかったもの	H30.2.8送検
大阪労働局	平成30年８月31日	禅夢コーポレーション	大阪府大東市	H30.3.7	労働基準法第101条	労働基準監督官が臨検した際に、労働基準監督官の尋問に対し、虚偽の陳述をしたもの	H30.3.7送検
大阪労働局	平成30年８月31日	（株）加藤工業	大阪府東大阪市	H30.3.8	労働安全衛生法第20条,クレーン等安全規則第66条の２	移動式クレーンの作業を行わせるに当たり、転倒等の危険防止措置を講じることなく、労働者に作業させたもの	H30.3.8送検
大阪労働局	平成30年８月31日	（株）ソルテック	大阪府吹田市	H30.3.14	労働安全衛生法第100条,労働安全衛生規則第97条	休業４日以上の休業を要する労働災害が発生した際に、虚偽の労働者死傷病報告を提出したもの	H30.3.14送検
大阪労働局	平成30年８月31日	上野工業（株）	大阪府大阪市此花区	H30.3.15	労働安全衛生法第20条,労働安全衛生規則第564条	つり足場の解体作業を行わせる際に、悪天候のため危険が予想されたにもかかわらず作業を中止しなかったもの	H30.3.15送検
大阪労働局	平成30年８月31日	北港観光バス（株）	大阪府大阪市旭区	H30.3.15	労働基準法第32条	労働者４名に、36協定の延長時間を超える違法な時間外労働を行わせたもの	H30.3.15送検
大阪労働局	平成30年８月31日	（株）安部工務店	大阪府貝塚市	H30.3.20	労働安全衛生法第31条,労働安全衛生規則第654条	高さ２ｍ以上の階段で、手すり等を設けることなく、下請労働者に作業を行わせたもの	H30.3.20送検
大阪労働局	平成30年８月31日	ハウスクリエイト	大阪府吹田市	H30.3.20	労働安全衛生法第21条,労働安全衛生規則第552条	高さ２ｍ以上の階段で、手すり等を設けることなく、労働者に作業を行わせたもの	H30.3.20送検
大阪労働局	平成30年８月31日	（株）ミッションカラー	大阪府大阪市北区	H30.3.22	最低賃金法第４条	労働者20名に、１か月間の定期賃金合計約93万円を支払わなかったもの	H30.3.22送検
大阪労働局	平成30年８月31日	（有）日輝建設	大阪府岸和田市	H30.3.27	労働安全衛生法第20条,労働安全衛生規則第564条	労働者につり足場の解体作業を行わせるに際し、作業床を設けず、また、安全帯を使用させなかったもの	H30.3.27送検
大阪労働局	平成30年８月31日	（株）飯坂インテリア	大阪府八尾市	H30.3.28	労働基準法第24条	労働者１名に、退職金約510万円を支払わなかったもの	H30.3.28送検
大阪労働局	平成30年８月31日	三起製作所	大阪府大阪市平野区	H30.4.25	労働安全衛生法第20条,労働安全衛生規則第131条	プレス機械に安全囲いを設ける等の措置を講じなかったもの	H30.4.25送検
大阪労働局	平成30年８月31日	（株）増田運送	大阪府大阪市住之江区	H30.4.27	労働基準法第32条,労働基準法第35条	36協定を締結することなく、労働者に違法な時間外労働・休日労働を行わせたもの	H30.4.27送検
大阪労働局	平成30年８月31日	第一貨物（株）	山形県山形市	H30.5.29	労働安全衛生法第21条,労働安全衛生規則第519条	高さ約2.5ｍの高所で、安全帯を使用させることなく労働者に作業を行わせたもの	H30.5.29送検
大阪労働局	平成30年８月31日	サンデン化成（株）	大阪府門真市	H30.6.29	労働安全衛生法第20条,労働安全衛生規則第131条	プレス機械に安全囲いを設ける等の措置を講じなかったもの	H30.6.29送検
大阪労働局	平成30年８月31日	日本遠隔制御（株）	大阪府東大阪市	H30.6.29	最低賃金法第４条	労働者に、２か月間の定期賃金を支払わなかったもの	H30.6.29送検
大阪労働局	平成30年８月31日	光陽商事（株）	大阪府門真市	H30.7.26	労働安全衛生法第21条,労働安全衛生規則第519条	高さ２ｍ以上の開口部で、手すり等を設けることなく、労働者に作業を行わせたもの	H30.7.26送検
大阪労働局	平成30年８月31日	（株）田中鋳造所	大阪府岸和田市	H30.8.1	労働安全衛生法第21条,労働安全衛生規則第537条	鋳型造型機の上枠が落下するおそれがあったのに、防網を設け、立入区域を設定する等の措置を講じなかったもの	H30.8.1送検
大阪労働局	平成30年８月31日	（株）早瀬製作所	大阪府大東市	H30.8.3	労働安全衛生法第20条,労働安全衛生規則第131条	プレス機械に有効な安全装置を使用させる等の措置を講じなかったもの	H30.8.3送検
大阪労働局	平成30年８月31日	協同運輸（株）	大阪府大阪市大正区	H30.8.7	労働安全衛生法第20条,労働安全衛生規則第151条の3,労働者派遣法第45条	労働者に、フォークリフトの作業計画で定めた作業を行わせなかったもの	H30.8.7送検
大阪労働局	平成30年８月31日	（株）ホーム産業	大阪府守口市	H30.8.20	労働安全衛生法第30条,労働安全衛生規則第637条	特定元方事業者であるのに、毎作業日に少なくとも１回の作業場所の巡視を怠ったもの	H30.8.20送検
大阪労働局	平成30年８月31日	（株）フジタ	東京都渋谷区	H30.8.21	労働基準法第32条	労働者４名に、36協定の延長時間を超える違法な時間外労働を行わせたもの	H30.8.21送検
大阪労働局	平成30年８月31日	フジイ工業（株）	大阪府大阪市西淀川区	H30.8.31	労働安全衛生法第20条,労働安全衛生規則第147条	鍛造プレスに戸、両手操作式による起動装置等の安全装置を設けなかったもの	H30.8.31送検
兵庫労働局	平成30年８月31日	（株）寺西工務店	兵庫県淡路市	H29.9.4	労働安全衛生法第20条,労働安全衛生規則第564条	高さ５ｍの足場の端で、安全帯を使用させることなく、労働者に足場材の緊結作業を行わせたもの	H29.9.4送検
兵庫労働局	平成30年８月31日	（有）暫	兵庫県尼崎市	H29.10.13	最低賃金法第４条	労働者１名に、２か月分定期賃金総額約47万円を支払わなかったもの	Ｈ29.10.13送検
兵庫労働局	平成30年８月31日	ミヨシ油脂（株） 神戸工場	兵庫県神戸市長田区	H29.10.19	労働安全衛生法第65条,酸素欠乏症等防止規則第3条	タンク内の空気中の酸素濃度を、作業前に測定していなかったもの	Ｈ29.10.19送検
兵庫労働局	平成30年８月31日	グリーンサービス棚倉	兵庫県三木市	H29.11.30	労働安全衛生法第21条,労働安全衛生規則第519条	高さ２ｍ以上の箇所で、労働者に作業を行わせるに当たり、墜落防止措置を講じなかったもの	Ｈ29.11.30送検
兵庫労働局	平成30年８月31日	（株）ライズホーム	兵庫県尼崎市	H30.3.2	最低賃金法第４条	労働者１名に、１か月間の定期賃金約15万円を支払わなかったこと	Ｈ30.3.2送検
兵庫労働局	平成30年８月31日	（株）富田製作所	兵庫県明石市	H30.3.22	労働安全衛生法第20条,クレーン等安全規則第25条,労働者派遣法第45条	クレーン運転について一定の合図を定めず、かつ合図者に合図を行わせなかったもの	Ｈ30.3.22送検
兵庫労働局	平成30年８月31日	薄井商店	兵庫県神戸市西区	H30.3.23	労働安全衛生法第100条,労働安全衛生規則第97条	１か月の休業を要する労働災害が発生したのに、遅滞なく労働者死傷病報告を提出しなかったもの	Ｈ30.3.23送検
兵庫労働局	平成30年８月31日	高砂飼料工業（株）	兵庫県高砂市	H30.7.11	労働安全衛生法第20条,労働安全衛生規則第142条	粉砕機の開口部から転落するおそれがあったのに、蓋、囲い等を設けていなかったもの	Ｈ30.7.11送検
兵庫労働局	平成30年８月31日	（株）川西オーシャン交通	兵庫県尼崎市	H30.7.23	労働基準法第27条	出来高払制で使用した労働者に対し、労働時間に応じ一定額の賃金の保障をしなかったこと	Ｈ30.７.23送検
兵庫労働局	平成30年８月31日	林住建（株）	大阪府高槻市	H30.7.24	労働安全衛生法第31条,労働安全衛生規則第653条	高さ約６ｍの屋根で請負人の労働者に作業させるに当たり、墜落防止措置を講じていなかったもの	Ｈ30.７.24送検
兵庫労働局	平成30年８月31日	今田塗装店	大阪府高槻市	H30.7.24	労働安全衛生法第21条,労働安全衛生規則第519条	高さ約６ｍの屋根で労働者に作業させるに当たり、墜落防止措置を講じていなかったもの	Ｈ30.７.24送検
奈良労働局	平成30年８月31日	（有）エム・ケイ運輸	奈良県大和郡山市	H29.10.20	労働基準法第32条	労働者５名に、36協定の延長時間を超える違法な時間外労働を行わせたもの	H29.10.20送検
奈良労働局	平成30年８月31日	松建	奈良県奈良市	H29.11.13	労働安全衛生法第61条,労働安全衛生法施行令第20条	無資格でドラグショベルの運転を行ったもの	H29.11.13送検
奈良労働局	平成30年８月31日	（株）槇峯建設	奈良県高市郡高取町	H30.1.25	労働基準法第24条	労働者14名に、１年11か月間の定期賃金合計約5 500万円を支払わなかったもの	H30.1.25送検
奈良労働局	平成30年８月31日	（株）水本木工	奈良県吉野郡吉野町	H30.3.7	最低賃金法第４条	労働者８名に、１か月間の定期賃金合計約64万円を支払わなかったもの	H30.3.7送検
奈良労働局	平成30年８月31日	（株）日鴻建設	大阪府大阪市西区	H30.6.22	労働安全衛生法第20条,労働安全衛生規則第160条	労働者が車両系建設機械（ローラー）の運転位置を離れるに際し、逸走防止措置を講じていなかったもの	H30.6.22送検
奈良労働局	平成30年８月31日	（株）田中運送	奈良県五條市	H30.7.6	労働安全衛生法第21条,労働安全衛生規則第151条の70	トラックへの荷積み作業を行わせるにあたり、当該作業を指揮する者を定めていなかったもの	H30.7.6送検
奈良労働局	平成30年８月31日	きた産業（株）	奈良県奈良市	H30.7.23	労働安全衛生法第20条,労働安全衛生規則第28条	射出成形機の安全扉について、安全装置を有効な状態としていなかったもの	H30.7.23送検
奈良労働局	平成30年８月31日	（株）サカイ引越センター奈良南支社	奈良県大和郡山市	H30.7.23	労働安全衛生法第100条,労働安全衛生規則第97条	19日間の休業を要する労働災害が発生したのに、遅滞なく労働者死傷病報告を提出しなかったもの	H30.7.23送検
和歌山労働局	平成30年８月31日	（有）兼萬	和歌山県和歌山市	H29.9.22	労働基準法第101条	労働基準監督官が臨検した際に虚偽の陳述をし、また、虚偽の記載をした帳簿書類を提出したもの	H29.9.22送検
和歌山労働局	平成30年８月31日	（株）和歌山建材リサイクルセンター	和歌山県和歌山市	H30.1.9	労働安全衛生法第21条,労働安全衛生規則第518条	高さ約５ｍの立て坑内で労働者に作業を行わせるに当たり、作業床を設けなかったもの	H30.1.9送検
和歌山労働局	平成30年８月31日	（有）森浦クレーン工業	三重県南牟婁郡紀宝町	H30.2.9	労働安全衛生法第45条,労働安全衛生法施行令第15条,クレーン等安全規則第76条	移動式クレーンについて、１年以内ごとに１回、定期に自主検査を実施していなかったもの	H30.2.9送検
和歌山労働局	平成30年８月31日	（有）サンキテック　日高工場	和歌山県日高郡日高町	H30.2.15	労働基準法第32条	労働者３名に、有効な36協定の締結・届出なく違法な時間外労働を行わせたもの	H30.2.15送検
和歌山労働局	平成30年８月31日	神鋼環境メンテナンス（株）　和歌山青岸クリーンセンター事業所	和歌山県和歌山市	H30.3.5	労働安全衛生法第20条,労働安全衛生規則第107条	労働者に、コンベヤーの運転を停止せずに点検作業を行わせたもの	H30.3.5送検
和歌山労働局	平成30年８月31日	熊野プライムフード協同組合　すさみ事業所	和歌山県西牟婁郡すさみ町	H30.3.7	労働安全衛生法第20条,労働安全衛生規則第164条	労働者に、ドラグショベルを主たる用途以外の用途に使用させたもの	H30.3.7送検
和歌山労働局	平成30年８月31日	（有）オガワ包装資材	和歌山県御坊市	H30.3.16	労働安全衛生法第61条,労働安全衛生規則第41条	無資格の労働者に、最大荷重１トンのフォークリフトの運転をさせたもの	H30.3.16送検
和歌山労働局	平成30年８月31日	グリーン特急（有）	和歌山県紀の川市	H30.3.16	労働基準法第37条	労働者１名に、３日間の時間外労働及び深夜労働に対する割増賃金を支払わなかったもの	H30.3.16送検
和歌山労働局	平成30年８月31日	南紀保険グループ	和歌山県新宮市	H30.6.14	労働基準法第６条	別の会社で働いていた労働者の就業に介入し、この労働者から15か月にわたり賃金の一部から利益を得ていたもの	H30.6.14送検
和歌山労働局	平成30年８月31日	上本建設工業	大阪府大阪市此花区	H30.7.25	労働安全衛生法第20条,労働安全衛生規則第564条	足場の解体作業を行うに当たり、安全帯の取付設備等を設けず、労働者に安全帯を使用させていなかったもの	H30.7.25送検
鳥取労働局	平成30年８月31日	（株）サンコーソーイング	鳥取県米子市	H29.9.7	労働基準法第32条	外国人技能実習生４名に、36協定の延長時間を超える違法な時間外労働を行わせたもの	H29.9.7送検
島根労働局	平成30年８月31日	若女食品（株）	島根県江津市	H29.11.29	労働基準法第32条	外国人技能実習生８人に、36協定の延長時間を超える違法な時間外・休日労働を行わせたもの	H29.11.29送検
島根労働局	平成30年８月31日	（有）福間工務店	島根県邑智郡美郷町	H30.3.22	労働安全衛生法第21条,労働安全衛生規則第519条	高さ約4.4ｍの建屋のひさし上で、防網を張り又は安全帯を使用させることなく労働者に作業を行わせたもの	H30.3.22送検
島根労働局	平成30年８月31日	西日本ダイハツ運輸（株）出雲営業所	島根県出雲市	H30.3.26	労働基準法第32条	労働者４名に、36協定の延長時間を超える違法な時間外・休日労働を行わせたもの	H30.3.26送検
島根労働局	平成30年８月31日	斎藤左官	島根県益田市	H30.4.25	労働安全衛生法第21条,労働安全衛生規則第519条	高さ約3.9ｍの建屋の屋根の端に、手すりを設けることなく労働者に作業を行わせたもの	H30.4.25送検
島根労働局	平成30年８月31日	（有）旭養鶏舎	島根県大田市	H30.7.17	労働安全衛生法第61条,労働安全衛生法施行令第20条	無資格の労働者にフォークリフトを運転させたもの	H30.7.17送検
島根労働局	平成30年８月31日	（株）竹内工業	島根県大田市	H30.8.28	労働安全衛生法第100条,労働安全衛生規則第97条	休業４日以上の労働災害が発生したにもかかわらず、遅滞なく労働者死傷病報告を提出しなかったもの	H30.8.28送検
岡山労働局	平成30年８月31日	（株）エコシステムグループ	岡山県岡山市北区	H29.10.19	最低賃金法第４条	"労働者91名に、２か月間の定期賃金合計約4	010万円を支払わなかったもの"	H29.10.19送検
岡山労働局	平成30年８月31日	（株）エコシステムコミュニケーションズ	岡山県岡山市北区	H29.10.19	最低賃金法第４条	"労働者41名に、２か月間の定期賃金合計約1	233万円を支払わなかったもの"	H29.10.19送検
岡山労働局	平成30年８月31日	（有）野田産業	岡山県津山市	H30.1.11	労働安全衛生法第20条,労働安全衛生規則第164条	掘削用のドラグショベルを主たる用途以外の用途（物の運搬）に使用したもの	H30.1.11送検
岡山労働局	平成30年８月31日	（有）風来坊食品	岡山県倉敷市	H30.2.2	労働基準法第120条	労働基準監督官の尋問に対して虚偽の陳述を行い、虚偽の記載をした帳簿を提出したもの	H30.2.2送検
岡山労働局	平成30年８月31日	陽和工営（株）	岡山県岡山市南区	H30.5.1	労働基準法第32条	36協定の延長時間を超える違法な時間外労働を行わせたもの	H30.5.1送検
岡山労働局	平成30年８月31日	（株）メビウス	岡山県岡山市北区	H30.7.25	最低賃金法第４条	労働者２名に、２か月間の定期賃金合計約56万円を支払わなかったもの	H30.7.25送検
広島労働局	平成30年８月31日	エスエッチ・サンキョウ（株）	広島県尾道市	H29.9.28	労働基準法第32条	労働者３名に、36協定の締結・届出なく違法な時間外労働を行わせたもの	H29.9.28送検
広島労働局	平成30年８月31日	井上建設（株）	広島県三原市	H29.10.20	労働安全衛生法第20条,労働安全衛生規則第157条	車両系建設機械を用いる作業を行わせる際、路肩からの転落を防止する措置を講じなかったもの	H29.10.20送検
広島労働局	平成30年８月31日	（株）山崎木材	広島県庄原市	H29.11.20	労働安全衛生法第100条,労働安全衛生規則第97条	4日以上の休業を要する労働災害が発生したのに、遅滞なく労働者死傷病報告を提出しなかったもの	H29.11.20送検
広島労働局	平成30年８月31日	（株）日本石材	京都府京都市下京区	H29.11.22	労働安全衛生法第61条,労働安全衛生法施行令第20条	無資格の労働者に移動式クレーンを運転させたもの	H29.11.22送検
広島労働局	平成30年８月31日	津久田工業（株）	広島県山県郡北広島町	H30.2.2	労働基準法第32条	労働者延べ36名に、36協定の延長時間を超えて違法な時間外労働を行わせたもの	H30.2.2送検
広島労働局	平成30年８月31日	（株）Ｃｏｎｆｉｄｅｎｃｅ	広島県三次市	H30.3.12	労働安全衛生法第100条,労働安全衛生規則第97条	4日以上の休業を要する労働災害が発生したのに、遅滞なく労働者死傷病報告を提出しなかったもの	H30.3.12送検
広島労働局	平成30年８月31日	将栄建設	広島県東広島市	H30.3.12	労働安全衛生法第100条,労働安全衛生規則第97条	4日以上の休業を要する労働災害が発生したのに、遅滞なく労働者死傷病報告を提出しなかったもの	H30.3.12送検
広島労働局	平成30年８月31日	三宅建設（株）	広島県庄原市	H30.3.26	労働安全衛生法第100条,労働安全衛生規則第97条	4日以上の休業を要する労働災害が発生したのに、遅滞なく労働者死傷病報告を提出しなかったもの	H30.3.26送検
広島労働局	平成30年８月31日	（有）広岡重機	広島県広島市東区	H30.3.27	労働安全衛生法第21条,労働安全衛生規則第519条,労働者派遣法第45条	高さ約8.5メートルの作業床の端に手すり等を設けることなく労働者に作業を行わせたもの	H30.3.27送検
広島労働局	平成30年８月31日	日本エレクトロニツクシステムズ（株）	大阪府大阪市淀川区	H30.3.27	労働安全衛生法第31条,労働安全衛生規則第653条,労働者派遣法第45条	高さ約8.5メートルの作業床の端に手すり等を設けることなく労働者に作業を行わせたもの	H30.3.27送検
広島労働局	平成30年８月31日	広島バス（株）	広島県広島市中区	H30.3.27	労働基準法第32条	労働者1名に、36協定の延長時間を超えて違法な時間外労働を行わせたもの	H30.3.27送検
広島労働局	平成30年８月31日	西城町森林組合	広島県庄原市	H30.5.14	労働安全衛生法第100条,労働安全衛生規則第97条	４日以上の休業を要する労働災害が発生したのに、遅滞なく労働者死傷病報告を提出しなかったもの	H30.5.14送検
広島労働局	平成30年８月31日	（株）サンヨーコーポレーション	広島県東広島市	H30.5.29	労働安全衛生法第100条,労働安全衛生規則第97条	４日以上の休業を要する労働災害が発生したのに、遅滞なく労働者死傷病報告を提出しなかったもの	H30.5.29送検
広島労働局	平成30年８月31日	（株）ニッポー	広島県広島市安芸区	H30.7.19	労働安全衛生法第20条,労働安全衛生規則第537条,労働者派遣法第45条	射出成形機の可動盤が自重で落下することによる危険を防止するための措置を講じなかったもの	H30.7.19送検
広島労働局	平成30年８月31日	（有）フレイム	広島県東広島市中区	H30.7.20	最低賃金法第4条	労働者４名の８ヶ月間の定期賃金約157万円を支払わなかったもの	H30.7.20送検
広島労働局	平成30年８月31日	川崎水産	広島県廿日市市	H30.7.20	労働安全衛生法第20条,労働安全衛生規則第101条	ベルトコンベアーの回転軸に覆い、囲い等を設けることなく、労働者に作業を行わせたもの	H30.7.20送検
広島労働局	平成30年８月31日	（一社）しあわせの庭	広島県福山市	H30.7.27	労働基準法第20条,労働基準法第24条	"労働者131名の１ヶ月間の定期賃金合計約1	273万円を支払わず、即時解雇に対する解雇予告手当を支払わなかったもの"	H30.7.27送検
広島労働局	平成30年８月31日	（株）エスキス	広島県東広島市西区	H30.8.1	最低賃金法第４条	"労働者36名の３ヶ月間の定期賃金合計約1	200万円を支払わなかったもの"	H30.8.1送検
広島労働局	平成30年８月31日	（株）エスキスプラスチック	広島県東広島市西区	H30.8.1	最低賃金法第４条	労働者４名の３ヶ月間の定期賃金合計約185万円を支払わなかったもの	H30.8.1送検
山口労働局	平成30年８月31日	美栄樹脂（株）	山口県岩国市	H29.11.21	労働基準法第32条	外国人技能実習生６名に、36協定の延長時間を超えて違法な時間外労働を行わせたもの	H29.11.21送検
山口労働局	平成30年８月31日	（株）カザケン	岡山県倉敷市	H30.3.23	労働安全衛生法第31条,労働安全衛生規則第653条,労働者派遣法第45条	深さ約２ｍの掘削溝に昇降の設備を設けることなく下請けの労働者に作業を行わせたもの	H30.3.23送検
山口労働局	平成30年８月31日	（有）錦秀建設	山口県岩国市	H30.3.23	労働安全衛生法第21条,労働安全衛生規則第526条,労働者派遣法第45条	深さ約２ｍの掘削溝に昇降の設備を設けることなく労働者に作業を行わせたもの	H30.3.23送検
山口労働局	平成30年８月31日	梅田工業	山口県山口市	H30.8.20	労働安全衛生法第21条,労働安全衛生規則第519条,労働者派遣法第45条	高さ約3.6ｍの足場上で、安全帯等を使用させることなく労働者に作業を行わせたもの	H30.8.20送検
山口労働局	平成30年８月31日	Ｋ‐トラスト	山口県山口市	H30.8.20	労働安全衛生法第100条,労働安全衛生規則第97条	４日以上の休業を要する労働災害が発生したのに、遅滞なく労働者死傷病報告を提出しなかったもの	H30.8.20送検
山口労働局	平成30年８月31日	仲工業	山口県山口市	H30.8.20	労働安全衛生法第120条	労働災害に係る産業安全専門官の質問に対して虚偽の陳述を行ったもの	H30.8.20送検
山口労働局	平成30年８月31日	山口建設（株）	山口県山口市	H30.8.20	労働安全衛生法第120条	労働災害に係る労働基準監督官の質問に対して虚偽の陳述を行ったもの	H30.8.20送検
徳島労働局	平成30年８月31日	西和林業（株）	徳島県三好市	H29.12.8	労働安全衛生法第21条,労働安全衛生規則第477条	伐倒の際に、支障物を取り除くことなく労働者に伐木作業を行わせたもの	H29.12.8送検
徳島労働局	平成30年８月31日	四国ブロック工業（株）	徳島県阿南市	H29.12.8	労働安全衛生法第20条,労働安全衛生規則第151条の７	フォークリフトの荷に接触するおそれのある箇所に労働者を立ち入らせたもの	H29.12.8送検
徳島労働局	平成30年８月31日	山中木材（有）	徳島県徳島市	H30.2.23	労働安全衛生法第61条,労働安全衛生法施行令第20条,クレーン等安全規則第221条	つり上げ過重１トン以上のクレーンの玉掛け業務に資格を有しない者を就かせたもの	H30.2.23送検
徳島労働局	平成30年８月31日	（株）山文	徳島県吉野川市	H30.2.23	労働安全衛生法第40条,労働安全衛生法施行令第12条	労働者に労働基準監督署長による検査を受けていないエレベーターを使用させたもの	H30.2.23送検
徳島労働局	平成30年８月31日	ウッドファースト（株) 徳島製材工場	徳島県小松島市	H30.7.2	労働安全衛生法第20条,労働安全衛生規則第101条	製材機械の回転軸に覆い等を設けることなく労働者に作業を行わせたもの	H30.7.2送検
徳島労働局	平成30年８月31日	（有）中翔建設	徳島県徳島市	H30.7.2	労働安全衛生法第21条,労働安全衛生規則第519条	高さ3.16ｍの開口部で墜落防止措置をとることなく労働者に作業を行わせたもの	H30.７.2送検
徳島労働局	平成30年８月31日	キカワ鋼業（株）	徳島県徳島市	H30.7.26	労働安全衛生法第20条,労働安全衛生規則第151条の７	20トントラックに接触するおそれのある箇所に労働者を立ち入らせたもの	H30.7.26送検
徳島労働局	平成30年８月31日	（有）岩崎建設	徳島県那賀郡那賀町	H30.8.16	労働安全衛生法第61条,労働安全衛生法施行令第20条	ドラグ・ショベルの運転を無資格の労働者に行わせたもの	H30.8.16送検
香川労働局	平成30年８月31日	（有）松村建設	香川県東かがわ市	H30.6.18	労働安全衛生法第20条,クレーン等安全規則第74条の２	移動式クレーンで、つりクランプ１個を用いて吊り上げた鉄板の下に労働者を立ち入らせたもの	H30.6.18送検
香川労働局	平成30年８月31日	（有）くらや	香川県丸亀市	H30.8.3	最低賃金法第４条,労働基準法第24条	労働者12名に、２か月間の定期賃金合計約277万円を支払わなかったもの	H30.8.3送検
香川労働局	平成30年８月31日	合同会社ホーム工房	香川県高松市	H30.8.24	労働安全衛生法第21条,労働安全衛生規則第518条	２ｍ以上の屋根上で、足場の設置等の墜落防止措置を講じることなく、労働者に屋根改修作業を行わせたもの	H30.8.24送検
愛媛労働局	平成30年８月31日	丸共運送（株）	愛媛県大洲市	H29.11.2	労働基準法第32条	労働者１名に、36協定の延長時間を超える違法な時間外労働を行わせたもの	H29.11.2送検
愛媛労働局	平成30年８月31日	（株）モリオト	愛媛県四国中央市	H29.11.16	労働基準法第32条	技能実習生８名に、36協定の延長時間を超える違法な時間外労働を行わせたもの	H29.11.16送検
愛媛労働局	平成30年８月31日	（株）森実興産	愛媛県四国中央市	H29.11.16	労働基準法第32条	技能実習生６名に、36協定の延長時間を超える違法な時間外労働を行わせたもの	H29.11.16送検
愛媛労働局	平成30年８月31日	三栄紙業（株）	愛媛県四国中央市	H29.11.16	労働基準法第32条	技能実習生９名に、36協定の延長時間を超える違法な時間外労働を行わせたもの	H29.11.16送検
愛媛労働局	平成30年８月31日	（株）遥人工業	愛媛県松山市	H29.11.27	労働安全衛生法第22条,有機溶剤中毒予防規則第32条	有機溶剤含有物を用いて行う塗装の業務に従事する労働者に、送気マスクを使用させなかったもの	H29.11.27送検
愛媛労働局	平成30年８月31日	竹岡サッシ工業	愛媛県松山市	H29.12.13	労働安全衛生法第100条,労働安全衛生規則第97条	休業４日以上の労働災害が発生したのに、遅滞なく労働者死傷病報告を提出しなかったもの	H29.12.13送検
愛媛労働局	平成30年８月31日	瀬元板金工業所	愛媛県今治市	H30.2.1	労働安全衛生法第21条,労働安全衛生規則第518条	高さ約5.5ｍの屋根上で、防網を張り又は安全帯を使用させることなく労働者に作業を行わせたもの	H30.2.1送検
愛媛労働局	平成30年８月31日	キクチ観光（株）	愛媛県西予市	H30.2.5	労働安全衛生法第59条,労働安全衛生規則第36条	特別教育を行っていない労働者に、走行集材機械（フォワーダ）を運転させたもの	H30.2.5送検
愛媛労働局	平成30年８月31日	（有）ダイケン土木	愛媛県松山市	H30.6.14	労働安全衛生法第20条,労働安全衛生規則第157条	路肩から車両系建設機械（ローラー）の転落を防止するため、誘導者を配置しなかったもの	H30.6.14送検
高知労働局	平成30年８月31日	尾郫興業	高知県土佐市	H30.2.19	労働安全衛生法第21条,労働安全衛生規則第519条	高さ約2.5ｍの屋根上で、安全帯を使用させることなく、労働者に作業を行わせたもの	H30.2.19送検
高知労働局	平成30年８月31日	竹村建築	高知県香美市	H30.2.20	労働安全衛生法第21条,労働安全衛生規則第519条	高さ約3.5ｍの作業床で、安全帯を使用させることなく、労働者に作業を行わせたもの	H30.2.20送検
高知労働局	平成30年８月31日	三和エンジニアリング（株）	高知県須崎市	H30.2.22	労働安全衛生法第21条,労働安全衛生規則第484条	保護帽を着用させることなく労働者に伐木の作業を行わせたもの	H30.2.22送検
高知労働局	平成30年８月31日	（有）吉本建設	高知県室戸市	H30.2.22	労働安全衛生法第100条,労働安全衛生規則第97条	休業４日以上の労働災害が発生したのに、遅滞なく労働者死傷病報告書を提出しなかったもの	H30.2.22送検
高知労働局	平成30年８月31日	企業組合さくら堂じゃぱん	高知県安芸市	H30.3.5	最低賃金法第４条	労働者２名に、１か月間の定期賃金合計約22万円を支払わなかったもの	H30.3.5送検
高知労働局	平成30年８月31日	(株)石川建工	高知県香南市	H30.5.29	労働安全衛生法第59条,労働安全衛生規則第36条	派遣労働者を足場の組立業務につかせるときに、安全のための特別の教育を行っていなかったもの	H30.5.29送検
高知労働局	平成30年８月31日	竹村建設(株)	高知県土佐清水市	H30.7.2	労働安全衛生法第21条,労働安全衛生規則第518条	高さ約8ｍの屋根上で、安全帯を使用させることなく、労働者に作業を行わせたもの	H30.7.2送検
福岡労働局	平成30年８月31日	（有）福山組	福岡県北九州市小倉南区	H29.10.3	労働安全衛生法第20条,労働安全衛生規則第155条	車両系建設機械を使用する作業において、あらかじめ作業計画を定めていなかったもの	Ｈ29.10.3送検
福岡労働局	平成30年８月31日	（株）尾山組	福岡県福岡市西区	H29.11.1	労働安全衛生法第20条,労働安全衛生規則第155条,労働者派遣法第45条	車両系建設機械を使用する作業において、あらかじめ作業計画を定めていなかったもの	Ｈ29.11.1送検
福岡労働局	平成30年８月31日	（株）さかえ屋	福岡県飯塚市	H29.11.30	労働基準法第32条	労働者29名に、36協定の限度時間を超える違法な時間外労働を行わせたもの	Ｈ29.11.30送検
福岡労働局	平成30年８月31日	（有）三栄運輸機工	福岡県福岡市東区	H29.12.11	労働安全衛生法第100条,労働安全衛生規則第97条	休業４日以上の労働災害について、災害発生場所を偽った労働者死傷病報告を提出したもの	Ｈ29.12.11送検
福岡労働局	平成30年８月31日	（株）キュウエイ	福岡県福岡市東区	H30.1.12	労働安全衛生法第20条,労働安全衛生規則第107条	ベルトコンベヤーのプーリーに付着した異物の除去作業の際に、ベルトコンベヤーの運転を停止しなかったもの	Ｈ30.1.12送検
福岡労働局	平成30年８月31日	（株）キョウホー	京都府京都市山科区	H30.3.15	労働安全衛生法第20条,労働安全衛生規則第147条	真空成型機に、閉じなければ機械が作動しない戸その他の安全装置を設けずに、労働者に作業をさせたもの	Ｈ30.3.15送検
福岡労働局	平成30年８月31日	（株）九州シークレットサービス	福岡県糟屋郡志免町	H30.6.1	労働基準法第24条	労働者２名に、1か月間の定期賃金の一部合計37万円を支払わなかったもの	Ｈ30.6.1送検
福岡労働局	平成30年８月31日	イエローハウス	福岡県柳川市	H30.6.12	最低賃金法第４条	労働者３名に、１か月間の定期賃金合計約63万円を支払わなかったもの	Ｈ30.6.12送検
福岡労働局	平成30年８月31日	（株）大日警　九州支店	福岡県北九州市門司区	H30.7.11	労働基準法第32条	労働者３名に、36協定の限度時間を超える違法な時間外労働を行わせたもの	Ｈ30.7.11送検
福岡労働局	平成30年８月31日	（株）西部警備保障	福岡県遠賀郡遠賀町	H30.8.16	労働安全衛生法第100条,労働安全衛生規則第97条	４日以上の休業を要する労働災害が発生したのに、遅滞なく労働者死傷病報告書を提出していなかったもの	Ｈ30.8.16送検
佐賀労働局	平成30年８月31日	（株）大生物流	佐賀県伊万里市	H29.10.26	労働基準法第32条	労働者１名に、36協定の延長時間を超える違法な時間外・休日労働を行わせたもの	H29.10.26送検
佐賀労働局	平成30年８月31日	川内産業（株）	佐賀県伊万里市	H29.10.27	労働安全衛生法第31条,労働安全衛生規則第655条	高さ3.75ｍの足場において手すり等を設けることなく、下請負人の労働者に作業を行わせたもの	H29.10.27送検
佐賀労働局	平成30年８月31日	（株）協和製作所	佐賀県佐賀市	H29.11.10	労働安全衛生法第100条,労働安全衛生規則第97条	労働災害の発生場所や発生状況を偽った労働者死傷病報告書を提出したもの	H29.11.10送検
佐賀労働局	平成30年８月31日	（株）高取造園土木	佐賀県鳥栖市	H30.1.5	労働安全衛生法第20条,労働安全衛生規則第194条の22	高所作業車のバケット（作業床）上で労働者に作業を行わせるにあたり、安全帯等を使用させていなかったもの	H30.1.5送検
佐賀労働局	平成30年８月31日	ヤマヒロ工業（株）	佐賀県小城市	H30.6.14	労働安全衛生法第61条,労働安全衛生法施行令第20条	無資格の技能実習生に、フォークリフトを運転させたもの	H30.6.14送検
佐賀労働局	平成30年８月31日	一産業（株）	佐賀県佐賀市	H30.6.26	労働安全衛生法第20条,労働安全衛生規則第107条	コンベヤーの運転を停止させることなく、労働者に調整作業を行わせたもの	H30.6.26送検
長崎労働局	平成30年６月30日	（有）壽工業	長崎県佐世保市	H29.10.18	労働安全衛生法第100条,労働安全衛生規則第97条	２週間の休業を要する労働災害が発生したのに、遅滞なく労働者死傷病報告書を提出しなかったもの	H29.10.18送検
長崎労働局	平成30年６月30日	直基建設	長崎県長崎市	H29.12.4	労働安全衛生法第61条	無資格の労働者にフォークリフトを運転させたもの	H29.12.4送検
長崎労働局	平成30年６月30日	（株）佐藤防水工業	長崎県長崎市	H30.1.11	労働安全衛生法第22条,労働安全衛生規則第578条	自然換気が不十分な導水トンネル内において、労働者に内燃機関を有する機械を使用させたもの	H30.1.11送検
長崎労働局	平成30年６月30日	平山工業（株）	長崎県長崎市	H30.1.17	労働安全衛生法第21条,労働安全衛生規則第518条	高さ約10ｍの箇所で有効な作業床を設けることなく労働者に作業を行わせたもの	H30.1.17送検
長崎労働局	平成30年６月30日	（有）フジセス	長崎県諫早市	H30.6.8	労働安全衛生法第21条,労働安全衛生規則第518条	高さ約6.5ｍの箇所で作業床を設けることなく労働者に作業を行わせたもの	H30.6.8送検
熊本労働局	平成30年８月31日	（株）ダイユー	熊本県荒尾市	H29.9.22	労働安全衛生法第21条,労働安全衛生規則第524条	高さ17ｍのスレート屋根上に、踏抜防止用の歩み板等を設置することなく、労働者に作業を行わせたもの	H29.9.22送検
熊本労働局	平成30年８月31日	松尾造園	熊本県天草市	H29.11.2	労働安全衛生法第21条,労働安全衛生規則第518条	高さ2.6ｍの脚立上で、安全帯を使用させる等の墜落防止措置を講じることなく、労働者に作業を行わせたもの	H29.11.2送検
熊本労働局	平成30年８月31日	（株）クリーン開発	熊本県天草市	H30.1.10	労働安全衛生法第20条,労働安全衛生規則第151条の７	フォークリフトに接触するおそれのある箇所に労働者を立ち入らせたもの	H30.1.10送検
熊本労働局	平成30年８月31日	（有）義建設	熊本県菊池郡菊陽町	H30.3.20	労働安全衛生法第20条,労働安全衛生規則第158条	タイヤローラーに接触するおそれのある箇所に労働者を立ち入らせたもの	H30.3.20送検
熊本労働局	平成30年８月31日	（株）優月工業	熊本県熊本市北区	H30.3.20	労働安全衛生法第20条,労働安全衛生規則第564条	高さ19.3ｍの足場上で、墜落防止措置を講じることなく、労働者に足場の組立作業を行わせたもの	H30.3.20送検
熊本労働局	平成30年８月31日	（株）セーフティガード	熊本県熊本市北区	H30.3.27	労働基準法第32条	労働者１名に、適法な36協定の締結・届出なく、違法な時間外・休日労働を行わせたもの	H30.3.23送検
熊本労働局	平成30年８月31日	（有）森栄工業	熊本県菊池市	H30.7.9	労働安全衛生法第21条,労働安全衛生規則第519条	高さ6.9ｍの屋根軒先に、墜落防止用の手すり等を設けることなく、労働者に作業を行わせたもの	H30.7.9送検
大分労働局	平成30年８月31日	柴田建設（株）	大分県大分市	H29.9.20	労働安全衛生法第45条,労働安全衛生規則第168条	車両系建設機械を１か月以上使用せず、再び使用を開始した際に自主検査を実施しなかったもの	H29.9.20送検,H29.10.25不起訴
大分労働局	平成30年８月31日	悠伸建設（株）	大分県由布市	H29.9.20	労働安全衛生法第20条,労働安全衛生規則第170条	車両系建設機械を、その日の作業を開始する前にブレーキ及びクラッチの機能について点検を行わなかったもの	H29.9.20送検,H29.10.25不起訴
大分労働局	平成30年８月31日	（株）シュプリーム	大分県大分市	H30.1.17	労働基準法第15条	労働契約の締結に際し、賃金に関する事項について、書面により労働条,件を明示しなかったもの	H30.1.17送検,H30.5.30有罪確定
大分労働局	平成30年８月31日	（有）建生建設工業	大分県大分市	H30.1.23	労働安全衛生法第120条	休業４日以上の労働災害について、災害発生状況等を偽った労働者死傷病報告を提出したもの	H30.1.23送検,H30.3.28有罪確定
大分労働局	平成30年８月31日	ヤンマー造船（株）	大分県国東市	H30.2.1	労働安全衛生法第21条,労働安全衛生規則第518条	高さ3.18ｍのはしご上で、安全帯を使用させることなく、労働者に作業を行わせたもの	H30.2.1送検,H30.4.3有罪確定
大分労働局	平成30年８月31日	（有）新廣海産	大分県杵築市	H30.2.19	労働安全衛生法第20条,クレーン等安全規則第148条	労働者に、安全装置等のないエレベーターを使用させたもの	H30.2.19送検,H30.4.20有罪確定
大分労働局	平成30年８月31日	矢西建設（株）	福岡県福岡市	H30.3.19	労働安全衛生法第20条,労働安全衛生規則第155条,労働安全衛生規則第157条	車両系建設機械の作業計画を定めず、また車両系建設機械の誘導員を配置しなかったもの	H30.3.19送検,H30.6.5不起訴
大分労働局	平成30年８月31日	（株）鴻池組	大阪府大阪市	H30.3.19	労働安全衛生法第30条,労働安全衛生規則第638条の4	下請が定める車両系建設機械の作業計画が不十分なのに、必要な指導を行わなかったもの	H30.3.19送検,H30.6.5不起訴
大分労働局	平成30年８月31日	（株）城島高原オペレーションズ	大分県別府市	H30.3.23	労働安全衛生法第20条,労働安全衛生規則第107条	ローラーコースターの運転を停止させずに検査の作業を行わせたもの	H30.3.23送検
大分労働局	平成30年８月31日	翼工業(株)	大分県中津市	H30.5.2	労働安全衛生法第21条,労働安全衛生規則第534条	深さ４ｍの掘削した溝内での下水管設置工事において、土砂等の崩壊による危険防止措置を行わなかったもの	H30.5.2送検
大分労働局	平成30年８月31日	マサヒ工業	大分県中津市	H30.7.5	労働安全衛生法第100条,労働安全衛生規則第97条	休業４日以上の労働災害が発生した際に遅滞なく、労働者死傷病報告を提出しなかったもの	H30.7.5送検
宮崎労働局	平成30年7月31日	（株）日向製錬所	宮崎県日向市	H29.9.4	労働安全衛生法第20条,労働安全衛生規則第107条	投炭設備に係る機械の修理の作業を行う際に、当該機械の運転を停止しなかったもの	H29.9.4送検,H29.10.23不起訴
宮崎労働局	平成30年7月31日	独立行政法人国立病院機構	東京都目黒区	H30.7.27	労働基準法第32条	労働者1名に対して、36協定の延長時間を超える時間外労働を行わせたもの	H30.7.27送検
鹿児島労働局	平成30年８月31日	（有）大黒	鹿児島県志布志市	H29.9.6	労働基準法第32条	労働者10名に、36協定の延長時間を超える違法な時間外労働を行わせたもの	H29.9.6送検
鹿児島労働局	平成30年８月31日	（株）肥後電建	鹿児島県日置市	H29.9.21	労働安全衛生法第61条,労働安全衛生法施行令第20条,労働安全衛生規則第41条	資格を有しない事業者が小型移動式クレーンの運転を行ったもの	H29.9.21送検
鹿児島労働局	平成30年８月31日	　丸心工業	鹿児島県鹿児島市	H30.1.25	労働安全衛生法第21条,労働安全衛生規則第519条	高さ4.7ｍ以上の屋根上で安全帯を使用させることなく、労働者に屋根材の設置作業を行わせたもの	H30.1.25送検
鹿児島労働局	平成30年８月31日	（株）南栄運輸	鹿児島県鹿児島市	H30.3.19	労働安全衛生法第23条,労働安全衛生規則第540条	貨物自動車の発着場において、労働者が横断する通路に通路であることの表示をしていなかったもの	H30.3.19送検
鹿児島労働局	平成30年８月31日	（株）荒川	鹿児島県鹿児島市	H30.8.10	労働安全衛生法第20条,労働安全衛生規則第107条	ベルトコンベアーの運転を停止せず、労働者にローラー部分に挟まった金属片の除去作業を行わせたもの	H30.8.10送検
鹿児島労働局	平成30年８月31日	（株）全日警　鹿児島支社	鹿児島県鹿児島市	H30.8.10	労働基準法第32条	労働者１名に、36協定の延長時間を超える違法な時間外労働を行わせたもの	H30.8.10送検
沖縄労働局	平成30年８月31日	中頭コンクリートブロック（株）	沖縄県沖縄市	H29.10.12	最低賃金法第４条	労働者１名に４か月間の定期賃金合計約41万円を支払わなかったもの	H29.10.12送検
沖縄労働局	平成30年８月31日	タチバナ工業（株）	香川県高松市	H29.11.15	労働安全衛生法第100条,労働安全衛生規則第97条	休業28日以上を要する労働災害が発生したにもかかわらず、遅滞なく労働者死傷病報告書を提出しなかったもの	H29.11.15送検
沖縄労働局	平成30年８月31日	安功清掃	沖縄県沖縄市	H29.12.15	労働安全衛生法第20条,労働安全衛生規則第151条の73	貨物自動車の荷台のあおりを閉じることなく、労働者を乗車させていたもの	H29.12.15送検
沖縄労働局	平成30年８月31日	（株）ニッシンあっとリフォーム	沖縄県うるま市	H30.1.16	労働安全衛生法第31条,労働安全衛生規則第653条	高さ約３ｍの屋根上で作業を行わせていたのに墜落防止措置を行っていなかったもの	H30.1.16送検
沖縄労働局	平成30年８月31日	八伸企画	沖縄県沖縄市	H30.1.16	労働安全衛生法第21条,労働安全衛生規則第519条	高さ約３ｍの屋根上で作業を行わせていたのに墜落防止措置を行っていなかったもの	H30.1.16送検
沖縄労働局	平成30年８月31日	明誠建設	沖縄県うるま市	H30.2.2	労働安全衛生法第100条,労働安全衛生規則第97条	休業１年以上を要する労働災害が発生したにもかからわず、遅滞なく労働者死傷病報告書を提出しなかったもの	H30.2.2送検
沖縄労働局	平成30年８月31日	（資）宮里住宅社	沖縄県本部町	H30.3.13	労働安全衛生法第21条,労働安全衛生規則第518条	高さ約６ｍの足場上で作業を行わせていたのに、墜落防止措置を講じていなかったもの	H30.3.13送検
沖縄労働局	平成30年８月31日	（有）大宮産業	沖縄県うるま市	H30.3.22	労働安全衛生法第21条,労働安全衛生規則第534条	高さ約７ｍの地山で作業を行わせていたのに崩壊等による危険防止措置を行っていなかったもの	H30.3.22送検
沖縄労働局	平成30年８月31日	望興業	沖縄県南風原町	H30.5.10	労働安全衛生法第100条,労働安全衛生規則第97条	休業約６か月を要する労働災害が発生したにもかかわらず、遅滞なく労働者死傷病報告書を提出しなかったもの	H30.5.10送検
沖縄労働局	平成30年８月31日	沖縄電興（株）	沖縄県那覇市	H30.7.2	労働安全衛生法第30条,労働安全衛生規則第638条の３	関係請負人の労働者が作業を行う際に、足場の配置等に関する計画を作成していなかったもの	H30.7.2送検
沖縄労働局	平成30年８月31日	（有）沖送電	沖縄県沖縄市	H30.7.2	労働安全衛生法第21条,労働安全衛生規則第518条	高さ約３ｍの壁上で労働者に作業を行わせる際に、墜落防止措置を講じていなかったもの	H30.7.2送検
沖縄労働局	平成30年８月31日	（有）丸徳工業	沖縄県西原町	H30.8.1	労働安全衛生法第20条,労働安全衛生規則第186条	くい打機の巻上げ装置に荷重をかけたまま、運転手を運転位置から離れさせたもの	H30.8.1送検
沖縄労働局	平成30年８月31日	丸善フルーツ	沖縄県宮古島市	H30.8.1	労働安全衛生法第100条,労働安全衛生規則第97条	休業約２か月を要する労働災害が発生したにもかかわらず、遅滞なく労働者死傷病報告書を提出しなかったもの	H30.8.1送検
